sector,n,long_return,short_return,ls_return,ic,snapshot,forward,n_sectors,snapshot_ls_gross,snapshot_ls_net,snapshot_mean_ic,snapshot_cumulative_net
basic-materials,37,-0.053003064532996455,-0.024045236360361048,-0.028957828172635407,0.21953532479848267,2023-05-01,2023-06-01,11,-0.0026707686566100385,-0.0036707686566100385,-0.008218660210808488,0.9963292313433899
communication-services,29,-0.07456740825170648,0.05217147537214115,-0.12673888362384764,0.4334975369458127,2023-05-01,2023-06-01,11,-0.0026707686566100385,-0.0036707686566100385,-0.008218660210808488,0.9963292313433899
consumer-cyclical,94,0.06167969394470444,-0.07735020177864807,0.1390298957233525,-0.32719719683560305,2023-05-01,2023-06-01,11,-0.0026707686566100385,-0.0036707686566100385,-0.008218660210808488,0.9963292313433899
consumer-defensive,44,-0.005587174232924412,-0.03174237372748856,0.026155199494564147,-0.05271317829457364,2023-05-01,2023-06-01,11,-0.0026707686566100385,-0.0036707686566100385,-0.008218660210808488,0.9963292313433899
energy,29,-0.01534223091547303,-0.0712398610382888,0.055897630122815775,-0.2699507389162561,2023-05-01,2023-06-01,11,-0.0026707686566100385,-0.0036707686566100385,-0.008218660210808488,0.9963292313433899
financial-services,138,0.003956470026296498,-0.019272286795170974,0.023228756821467474,-0.14359493046629024,2023-05-01,2023-06-01,11,-0.0026707686566100385,-0.0036707686566100385,-0.008218660210808488,0.9963292313433899
healthcare,74,-0.020722242897261454,-0.05415214486578476,0.03342990196852331,-0.12725657164013326,2023-05-01,2023-06-01,11,-0.0026707686566100385,-0.0036707686566100385,-0.008218660210808488,0.9963292313433899
industrials,145,-0.029541390907640883,-0.0029173005987902035,-0.02662409030885068,0.06916627302786962,2023-05-01,2023-06-01,11,-0.0026707686566100385,-0.0036707686566100385,-0.008218660210808488,0.9963292313433899
real-estate,48,-0.03683787903312659,-0.035947590380688746,-0.0008902886524378428,-0.02105948762483717,2023-05-01,2023-06-01,11,-0.0026707686566100385,-0.0036707686566100385,-0.008218660210808488,0.9963292313433899
technology,102,0.04445268325577841,0.17465175364015223,-0.1301990703843738,0.22888759464181713,2023-05-01,2023-06-01,11,-0.0026707686566100385,-0.0036707686566100385,-0.008218660210808488,0.9963292313433899
utilities,35,-0.05690861951552501,-0.06319894130423673,0.0062903217887117155,-0.09971988795518208,2023-05-01,2023-06-01,11,-0.0026707686566100385,-0.0036707686566100385,-0.008218660210808488,0.9963292313433899
basic-materials,37,0.1066462175276757,0.060553525791536694,0.046092691736139,-0.22664770033191084,2023-06-01,2023-07-03,11,0.03623398490758239,0.03523398490758239,-0.19193068744529126,1.0314338804435261
communication-services,29,0.07708732297299668,0.05747757293459325,0.019609750038403435,-0.1448275862068965,2023-06-01,2023-07-03,11,0.03623398490758239,0.03523398490758239,-0.19193068744529126,1.0314338804435261
consumer-cyclical,94,0.20232602696400379,0.09606048446906491,0.10626554249493887,-0.39298486435718677,2023-06-01,2023-07-03,11,0.03623398490758239,0.03523398490758239,-0.19193068744529126,1.0314338804435261
consumer-defensive,45,0.025079771630798102,0.03289921327990135,-0.007819441649103247,0.001054018445322793,2023-06-01,2023-07-03,11,0.03623398490758239,0.03523398490758239,-0.19193068744529126,1.0314338804435261
energy,29,0.11651523882704241,0.07329065042119827,0.043224588405844144,-0.293103448275862,2023-06-01,2023-07-03,11,0.03623398490758239,0.03523398490758239,-0.19193068744529126,1.0314338804435261
financial-services,138,0.08463661528528776,0.06534403438210452,0.01929258090318324,0.026423038021502816,2023-06-01,2023-07-03,11,0.03623398490758239,0.03523398490758239,-0.19193068744529126,1.0314338804435261
healthcare,74,0.07466300841701405,0.023851590613581417,0.05081141780343264,-0.22031840059237315,2023-06-01,2023-07-03,11,0.03623398490758239,0.03523398490758239,-0.19193068744529126,1.0314338804435261
industrials,145,0.1426946301387843,0.1253664673000221,0.017328162838762207,-0.16168319949614232,2023-06-01,2023-07-03,11,0.03623398490758239,0.03523398490758239,-0.19193068744529126,1.0314338804435261
real-estate,48,0.11225643201885112,0.047145297295786336,0.06511113472306479,-0.39947894051237515,2023-06-01,2023-07-03,11,0.03623398490758239,0.03523398490758239,-0.19193068744529126,1.0314338804435261
technology,102,0.058910795339958924,0.050082851588963626,0.008827943750995298,-0.08258364385838927,2023-06-01,2023-07-03,11,0.03623398490758239,0.03523398490758239,-0.19193068744529126,1.0314338804435261
utilities,35,0.046305866996922115,0.016476404059176237,0.02982946293774588,-0.21708683473389356,2023-06-01,2023-07-03,11,0.03623398490758239,0.03523398490758239,-0.19193068744529126,1.0314338804435261
basic-materials,37,0.03513686666393804,0.002926103693463862,0.03221076297047418,-0.1647700331910858,2023-07-03,2023-08-03,11,0.040643494991693514,0.03964349499169351,-0.132857576196761,1.072323524317152
communication-services,29,-0.00926314516115174,-0.07679638266598833,0.06753323750483659,0.03201970443349753,2023-07-03,2023-08-03,11,0.040643494991693514,0.03964349499169351,-0.132857576196761,1.072323524317152
consumer-cyclical,94,0.06905252876069841,-0.01158787163076228,0.08064040039146068,-0.11547158906187913,2023-07-03,2023-08-03,11,0.040643494991693514,0.03964349499169351,-0.132857576196761,1.072323524317152
consumer-defensive,45,0.04380525706201246,0.002399184577266599,0.04140607248474586,-0.16693017127799736,2023-07-03,2023-08-03,11,0.040643494991693514,0.03964349499169351,-0.132857576196761,1.072323524317152
energy,29,0.1291934811232652,0.09003517893940892,0.03915830218385628,-0.2113300492610837,2023-07-03,2023-08-03,11,0.040643494991693514,0.03964349499169351,-0.132857576196761,1.072323524317152
financial-services,138,0.06584954883205348,0.04613631384506268,0.019713234986990798,-0.06613179783053912,2023-07-03,2023-08-03,11,0.040643494991693514,0.03964349499169351,-0.132857576196761,1.072323524317152
healthcare,74,-0.003424667647915943,-0.02208569766883817,0.018661030020922228,-0.06591632728619028,2023-07-03,2023-08-03,11,0.040643494991693514,0.03964349499169351,-0.132857576196761,1.072323524317152
industrials,145,0.044560582886138296,0.008035764294722346,0.03652481859141595,-0.13428593922216972,2023-07-03,2023-08-03,11,0.040643494991693514,0.03964349499169351,-0.132857576196761,1.072323524317152
real-estate,48,0.014139290289341355,-0.008348499029463883,0.02248778931880524,-0.0552540165002171,2023-07-03,2023-08-03,11,0.040643494991693514,0.03964349499169351,-0.132857576196761,1.072323524317152
technology,102,0.007296865671037706,-0.052131123003875984,0.05942798867491369,-0.2282090573420563,2023-07-03,2023-08-03,11,0.040643494991693514,0.03964349499169351,-0.132857576196761,1.072323524317152
utilities,35,0.00813624313918966,-0.021178564641017576,0.029314807780207237,-0.2851540616246499,2023-07-03,2023-08-03,11,0.040643494991693514,0.03964349499169351,-0.132857576196761,1.072323524317152
basic-materials,37,-0.007637615078174592,-0.028350276021101437,0.020712660942926845,-0.09364627785680416,2023-08-01,2023-09-01,11,0.03530297852093043,0.03430297852093043,-0.19628466529704536,1.1091074151392917
communication-services,29,-0.004848330917360449,-0.05300001505835103,0.04815168414099058,-0.35566502463054184,2023-08-01,2023-09-01,11,0.03530297852093043,0.03430297852093043,-0.19628466529704536,1.1091074151392917
consumer-cyclical,95,-0.007790077900631342,-0.0879569010002036,0.08016682309957227,-0.26068029115341546,2023-08-01,2023-09-01,11,0.03530297852093043,0.03430297852093043,-0.19628466529704536,1.1091074151392917
consumer-defensive,45,-0.00775124902130583,-0.05289269162658767,0.04514144260528184,-0.2901185770750988,2023-08-01,2023-09-01,11,0.03530297852093043,0.03430297852093043,-0.19628466529704536,1.1091074151392917
energy,29,0.08535738547743645,0.040781761076426865,0.04457562440100958,-0.44334975369458113,2023-08-01,2023-09-01,11,0.03530297852093043,0.03430297852093043,-0.19628466529704536,1.1091074151392917
financial-services,138,-0.04207984741318067,-0.008935739741923682,-0.03314410767125699,0.25267529549828877,2023-08-01,2023-09-01,11,0.03530297852093043,0.03430297852093043,-0.19628466529704536,1.1091074151392917
healthcare,74,-0.009607485906884672,-0.013019680995237499,0.0034121950883528266,-0.04879674194742687,2023-08-01,2023-09-01,11,0.03530297852093043,0.03430297852093043,-0.19628466529704536,1.1091074151392917
industrials,145,0.00012640717956160298,-0.020149936109085734,0.020276343288647337,-0.1336206896551724,2023-08-01,2023-09-01,11,0.03530297852093043,0.03430297852093043,-0.19628466529704536,1.1091074151392917
real-estate,48,-0.012686830912362302,-0.029497561953466485,0.016810731041104185,-0.17064698219713417,2023-08-01,2023-09-01,11,0.03530297852093043,0.03430297852093043,-0.19628466529704536,1.1091074151392917
technology,102,0.03185031277645765,-0.054738746218473674,0.08658905899493133,-0.24553437639594913,2023-08-01,2023-09-01,11,0.03530297852093043,0.03430297852093043,-0.19628466529704536,1.1091074151392917
utilities,35,-0.008444297751725057,-0.06408460555039998,0.05564030779867492,-0.3697478991596639,2023-08-01,2023-09-01,11,0.03530297852093043,0.03430297852093043,-0.19628466529704536,1.1091074151392917
basic-materials,37,-0.04075823957548607,-0.09584835036261241,0.05509011078712634,-0.32361308677098144,2023-09-01,2023-10-02,11,0.02146030828259464,0.02046030828259464,-0.11278848466106361,1.1318000947715534
communication-services,29,-0.014470442971779665,-0.07218042439872463,0.057709981426944966,-0.30935960591132994,2023-09-01,2023-10-02,11,0.02146030828259464,0.02046030828259464,-0.11278848466106361,1.1318000947715534
consumer-cyclical,95,-0.0576036690475089,-0.08572797573346451,0.028124306685955607,-0.13747200447928332,2023-09-01,2023-10-02,11,0.02146030828259464,0.02046030828259464,-0.11278848466106361,1.1318000947715534
consumer-defensive,45,-0.02265613587974412,-0.08235629825109092,0.0597001623713468,-0.10909090909090909,2023-09-01,2023-10-02,11,0.02146030828259464,0.02046030828259464,-0.11278848466106361,1.1318000947715534
energy,29,-0.04543661829541446,-0.010364260402322219,-0.035072357893092244,0.11477832512315268,2023-09-01,2023-10-02,11,0.02146030828259464,0.02046030828259464,-0.11278848466106361,1.1318000947715534
financial-services,138,-0.05967194807314862,-0.04969386558674464,-0.009978082486403979,0.09799561176193922,2023-09-01,2023-10-02,11,0.02146030828259464,0.02046030828259464,-0.11278848466106361,1.1318000947715534
healthcare,74,-0.041525602896267305,-0.07721690428043189,0.035691301384164584,-0.2792299148463531,2023-09-01,2023-10-02,11,0.02146030828259464,0.02046030828259464,-0.11278848466106361,1.1318000947715534
industrials,145,-0.06651061804473915,-0.09499585767512098,0.028485239630381826,-0.15326720201543062,2023-09-01,2023-10-02,11,0.02146030828259464,0.02046030828259464,-0.11278848466106361,1.1318000947715534
real-estate,48,-0.07435221704085158,-0.09428961551680634,0.019937398475954757,-0.08792878853669127,2023-09-01,2023-10-02,11,0.02146030828259464,0.02046030828259464,-0.11278848466106361,1.1318000947715534
technology,102,-0.05952645256529444,-0.03956868872884488,-0.01995776383644956,0.056878389152450366,2023-09-01,2023-10-02,11,0.02146030828259464,0.02046030828259464,-0.11278848466106361,1.1318000947715534
utilities,35,-0.08469976194351624,-0.10103285650612816,0.01633309456261192,-0.11036414565826332,2023-09-01,2023-10-02,11,0.02146030828259464,0.02046030828259464,-0.11278848466106361,1.1318000947715534
basic-materials,37,0.010776804824260747,-0.002125270270593971,0.012902075094854719,-0.14532954006638218,2023-10-02,2023-11-02,11,0.03872597770607864,0.03772597770607864,-0.10747376116790251,1.1744983599146426
communication-services,29,0.024796825922792823,-0.034019280947452615,0.05881610687024544,-0.15024630541871917,2023-10-02,2023-11-02,11,0.03872597770607864,0.03772597770607864,-0.10747376116790251,1.1744983599146426
consumer-cyclical,95,-0.01916100972934212,0.0062427268669617755,-0.0254037365963039,0.07534994400895856,2023-10-02,2023-11-02,11,0.03872597770607864,0.03772597770607864,-0.10747376116790251,1.1744983599146426
consumer-defensive,46,0.004394000444337522,-0.03178386049057905,0.03617786093491657,-0.0845513413506013,2023-10-02,2023-11-02,11,0.03872597770607864,0.03772597770607864,-0.10747376116790251,1.1744983599146426
energy,29,0.1168788995675984,-0.0036644517213459253,0.12054335128894432,-0.31379310344827577,2023-10-02,2023-11-02,11,0.03872597770607864,0.03772597770607864,-0.10747376116790251,1.1744983599146426
financial-services,138,0.019101000172587094,-0.0004174067503477466,0.01951840692293484,-0.047167851247405745,2023-10-02,2023-11-02,11,0.03872597770607864,0.03772597770607864,-0.10747376116790251,1.1744983599146426
healthcare,74,-0.00048229052383894007,-0.1338354154472616,0.13335312492342266,-0.33156608663457976,2023-10-02,2023-11-02,11,0.03872597770607864,0.03772597770607864,-0.10747376116790251,1.1744983599146426
industrials,145,-0.00977174240022973,-0.05301630851780619,0.04324456611757646,-0.1403637222484648,2023-10-02,2023-11-02,11,0.03872597770607864,0.03772597770607864,-0.10747376116790251,1.1744983599146426
real-estate,48,0.04779412648191818,-0.004750308864637251,0.05254443534655543,-0.20614415979157621,2023-10-02,2023-11-02,11,0.03872597770607864,0.03772597770607864,-0.10747376116790251,1.1744983599146426
technology,102,-0.042918076718495415,-0.058812302015145264,0.01589422529664985,0.008939728924348746,2023-10-02,2023-11-02,11,0.03872597770607864,0.03772597770607864,-0.10747376116790251,1.1744983599146426
utilities,35,0.059822924793387286,0.10142758622631862,-0.04160466143293133,0.1526610644257703,2023-10-02,2023-11-02,11,0.03872597770607864,0.03772597770607864,-0.10747376116790251,1.1744983599146426
basic-materials,37,0.09048014553549155,0.13155396926166835,-0.041073823726176795,0.2086296823138928,2023-11-01,2023-12-01,11,-0.0069981341480376815,-0.007998134148037682,-0.01879837914222686,1.165104564475395
communication-services,29,0.027974631417507834,0.08461375729538766,-0.05663912587787982,0.014778325123152707,2023-11-01,2023-12-01,11,-0.0069981341480376815,-0.007998134148037682,-0.01879837914222686,1.165104564475395
consumer-cyclical,96,0.2411688339979603,0.1249937351094302,0.1161750988885301,-0.28705914270211613,2023-11-01,2023-12-01,11,-0.0069981341480376815,-0.007998134148037682,-0.01879837914222686,1.165104564475395
consumer-defensive,46,0.07920943828003041,0.05024127159093577,0.02896816668909464,-0.14264569842738203,2023-11-01,2023-12-01,11,-0.0069981341480376815,-0.007998134148037682,-0.01879837914222686,1.165104564475395
energy,29,-0.023191699534458987,-0.005495072394756078,-0.01769662713970291,0.13448275862068965,2023-11-01,2023-12-01,11,-0.0069981341480376815,-0.007998134148037682,-0.01879837914222686,1.165104564475395
financial-services,138,0.1535480517705119,0.1362660638551341,0.0172819879153778,-0.2615111338412608,2023-11-01,2023-12-01,11,-0.0069981341480376815,-0.007998134148037682,-0.01879837914222686,1.165104564475395
healthcare,74,0.06886626383489006,0.1253330124038386,-0.05646674856894854,0.1272861902998889,2023-11-01,2023-12-01,11,-0.0069981341480376815,-0.007998134148037682,-0.01879837914222686,1.165104564475395
industrials,146,0.1257516435388792,0.1264913579967784,-0.000739714457899221,-0.04242237282253478,2023-11-01,2023-12-01,11,-0.0069981341480376815,-0.007998134148037682,-0.01879837914222686,1.165104564475395
real-estate,48,0.12926529630359385,0.15004953245184757,-0.020784236148253726,0.030069474598349976,2023-11-01,2023-12-01,11,-0.0069981341480376815,-0.007998134148037682,-0.01879837914222686,1.165104564475395
technology,102,0.13043615007150602,0.2026417471122393,-0.07220559704073329,0.1609094661607794,2023-11-01,2023-12-01,11,-0.0069981341480376815,-0.007998134148037682,-0.01879837914222686,1.165104564475395
utilities,35,0.07811681993224344,0.05191567609406618,0.02620114383817726,-0.14929971988795518,2023-11-01,2023-12-01,11,-0.0069981341480376815,-0.007998134148037682,-0.01879837914222686,1.165104564475395
basic-materials,37,0.0555932063051346,0.04870128034558564,0.006891925959548954,-0.016358463726884778,2023-12-01,2024-01-02,11,0.018717970795143875,0.017717970795143874,-0.12012659269201333,1.1857478531220589
communication-services,29,0.008297952461218984,0.043033703052580086,-0.0347357505913611,0.11970443349753691,2023-12-01,2024-01-02,11,0.018717970795143875,0.017717970795143874,-0.12012659269201333,1.1857478531220589
consumer-cyclical,96,0.1247139519212221,0.04461961872660423,0.08009433319461787,-0.3417797069994574,2023-12-01,2024-01-02,11,0.018717970795143875,0.017717970795143874,-0.12012659269201333,1.1857478531220589
consumer-defensive,46,0.08337753707602613,0.03143611316775076,0.05194142390827537,-0.19247610237434473,2023-12-01,2024-01-02,11,0.018717970795143875,0.017717970795143874,-0.12012659269201333,1.1857478531220589
energy,29,-0.025633585894916194,-0.01025444335889329,-0.015379142536022903,0.0566502463054187,2023-12-01,2024-01-02,11,0.018717970795143875,0.017717970795143874,-0.12012659269201333,1.1857478531220589
financial-services,138,0.10798761904516484,0.050658023521261086,0.05732959552390375,-0.3091835639707846,2023-12-01,2024-01-02,11,0.018717970795143875,0.017717970795143874,-0.12012659269201333,1.1857478531220589
healthcare,74,0.07266264847499206,0.06421101632562481,0.008451632149367241,0.0014661236579044793,2023-12-01,2024-01-02,11,0.018717970795143875,0.017717970795143874,-0.12012659269201333,1.1857478531220589
industrials,146,0.055393616785246014,0.039269684561884406,0.016123932223361608,-0.12211928701570379,2023-12-01,2024-01-02,11,0.018717970795143875,0.017717970795143874,-0.12012659269201333,1.1857478531220589
real-estate,48,0.0752244923836676,0.08655762802126114,-0.011333135637593542,-0.14101172383847155,2023-12-01,2024-01-02,11,0.018717970795143875,0.017717970795143874,-0.12012659269201333,1.1857478531220589
technology,102,0.03927342691382962,0.01859432280444114,0.020679104109388485,-0.18300716422299,2023-12-01,2024-01-02,11,0.018717970795143875,0.017717970795143874,-0.12012659269201333,1.1857478531220589
utilities,35,0.04414384044090737,0.018310079997810445,0.025833760443096924,-0.19327731092436976,2023-12-01,2024-01-02,11,0.018717970795143875,0.017717970795143874,-0.12012659269201333,1.1857478531220589
basic-materials,37,-0.022718076306737233,-0.019521591972955027,-0.003196484333782206,-0.01944049312470365,2024-01-02,2024-02-02,11,-0.0006187277475660893,-0.0016187277475660893,0.014144001373653731,1.1838284501705933
communication-services,29,0.017040605423253252,-0.018947685103867445,0.0359882905271207,-0.12266009852216746,2024-01-02,2024-02-02,11,-0.0006187277475660893,-0.0016187277475660893,0.014144001373653731,1.1838284501705933
consumer-cyclical,96,-0.028528050587228976,-0.02859483713533495,6.678654810597304e-05,0.015056972327726532,2024-01-02,2024-02-02,11,-0.0006187277475660893,-0.0016187277475660893,0.014144001373653731,1.1838284501705933
consumer-defensive,46,0.006302690873046295,-0.004157196468731423,0.010459887341777718,-0.010422448350292938,2024-01-02,2024-02-02,11,-0.0006187277475660893,-0.0016187277475660893,0.014144001373653731,1.1838284501705933
energy,29,-0.05169433185101608,-0.030683567873917125,-0.021010763977098956,0.010344827586206895,2024-01-02,2024-02-02,11,-0.0006187277475660893,-0.0016187277475660893,0.014144001373653731,1.1838284501705933
financial-services,138,0.01591484226761747,0.02035347785473075,-0.004438635587113281,0.08982645682882445,2024-01-02,2024-02-02,11,-0.0006187277475660893,-0.0016187277475660893,0.014144001373653731,1.1838284501705933
healthcare,74,0.009818000059905432,-0.00739866618670571,0.01721666624661114,-0.07175120325805255,2024-01-02,2024-02-02,11,-0.0006187277475660893,-0.0016187277475660893,0.014144001373653731,1.1838284501705933
industrials,146,0.0323846833280273,0.006955134328179875,0.025429548999847423,-0.07664484783048789,2024-01-02,2024-02-02,11,-0.0006187277475660893,-0.0016187277475660893,0.014144001373653731,1.1838284501705933
real-estate,48,-0.05541879674258746,-0.05037590537720592,-0.005042891365381545,0.054819800260529745,2024-01-02,2024-02-02,11,-0.0006187277475660893,-0.0016187277475660893,0.014144001373653731,1.1838284501705933
technology,102,0.004662406368797412,0.05796955474702952,-0.05330714837823211,0.23967633770801408,2024-01-02,2024-02-02,11,-0.0006187277475660893,-0.0016187277475660893,0.014144001373653731,1.1838284501705933
utilities,35,-0.05640933940725212,-0.04743807816217028,-0.008971261245081838,0.046778711484593845,2024-01-02,2024-02-02,11,-0.0006187277475660893,-0.0016187277475660893,0.014144001373653731,1.1838284501705933
basic-materials,37,0.025526967496063844,0.08215923636833007,-0.05663226887226623,0.16524419155998102,2024-02-01,2024-03-01,11,0.014582990778768741,0.01358299077876874,-0.0671401417656913,1.1999083810929048
communication-services,29,-0.10436240253252736,0.00927876274149215,-0.11364116527401952,0.3261083743842364,2024-02-01,2024-03-01,11,0.014582990778768741,0.01358299077876874,-0.0671401417656913,1.1999083810929048
consumer-cyclical,97,0.11196368069221622,0.07299812666692891,0.03896555402528731,-0.12235693246370712,2024-02-01,2024-03-01,11,0.014582990778768741,0.01358299077876874,-0.0671401417656913,1.1999083810929048
consumer-defensive,46,0.07877673524110662,-0.007322409025924564,0.08609914426703119,-0.3033610854147394,2024-02-01,2024-03-01,11,0.014582990778768741,0.01358299077876874,-0.0671401417656913,1.1999083810929048
energy,29,0.08130456297750596,0.016731357617247557,0.0645732053602584,-0.18128078817733986,2024-02-01,2024-03-01,11,0.014582990778768741,0.01358299077876874,-0.0671401417656913,1.1999083810929048
financial-services,138,0.061736033011068434,0.06306826966946986,-0.0013322366584014311,0.04020877236642929,2024-02-01,2024-03-01,11,0.014582990778768741,0.01358299077876874,-0.0671401417656913,1.1999083810929048
healthcare,74,0.03558149813692659,0.014746111446155586,0.020835386690771007,-0.01902998889300259,2024-02-01,2024-03-01,11,0.014582990778768741,0.01358299077876874,-0.0671401417656913,1.1999083810929048
industrials,146,0.0803761743128013,0.04315710635690532,0.037219067955895975,-0.07600859899935411,2024-02-01,2024-03-01,11,0.014582990778768741,0.01358299077876874,-0.0671401417656913,1.1999083810929048
real-estate,48,0.011558008578297616,0.0026525020983809685,0.008905506479916649,-0.0827181936604429,2024-02-01,2024-03-01,11,0.014582990778768741,0.01358299077876874,-0.0671401417656913,1.1999083810929048
technology,102,0.07276102846091598,0.05397220004816913,0.018788828412746844,-0.07610361264567349,2024-02-01,2024-03-01,11,0.014582990778768741,0.01358299077876874,-0.0671401417656913,1.1999083810929048
utilities,35,-0.0016925929921802721,-0.05832446917141627,0.05663187617923599,-0.4092436974789916,2024-02-01,2024-03-01,11,0.014582990778768741,0.01358299077876874,-0.0671401417656913,1.1999083810929048
basic-materials,37,0.06491610325554381,0.060242869174296804,0.0046732340812470075,-0.09886201991465147,2024-03-01,2024-04-01,11,0.03515743092778743,0.034157430927787426,-0.27129695500050816,1.240894168739759
communication-services,29,0.030743237037050116,-0.0005788011724341865,0.0313220382094843,-0.36354679802955653,2024-03-01,2024-04-01,11,0.03515743092778743,0.034157430927787426,-0.27129695500050816,1.240894168739759
consumer-cyclical,97,0.06777393134751644,0.007701346166884122,0.06007258518063232,-0.31516936671575846,2024-03-01,2024-04-01,11,0.03515743092778743,0.034157430927787426,-0.27129695500050816,1.240894168739759
consumer-defensive,46,0.03726191183938961,0.013653446461880362,0.023608465377509248,-0.18556891766882516,2024-03-01,2024-04-01,11,0.03515743092778743,0.034157430927787426,-0.27129695500050816,1.240894168739759
energy,29,0.1125007011834057,0.08961765385614533,0.022883047327260375,-0.2586206896551724,2024-03-01,2024-04-01,11,0.03515743092778743,0.034157430927787426,-0.27129695500050816,1.240894168739759
financial-services,138,0.07293350223398884,0.016284425818965758,0.05664907641502308,-0.5288785791423984,2024-03-01,2024-04-01,11,0.03515743092778743,0.034157430927787426,-0.27129695500050816,1.240894168739759
healthcare,74,0.03529028959697018,0.012487611102746288,0.02280267849422389,-0.1761569788967049,2024-03-01,2024-04-01,11,0.03515743092778743,0.034157430927787426,-0.27129695500050816,1.240894168739759
industrials,146,0.07356713182427004,0.0144149651504362,0.059152166673833835,-0.3712126324313382,2024-03-01,2024-04-01,11,0.03515743092778743,0.034157430927787426,-0.27129695500050816,1.240894168739759
real-estate,48,0.018914632118345327,-0.008661177419750634,0.027575809538095963,-0.23241424229266175,2024-03-01,2024-04-01,11,0.03515743092778743,0.034157430927787426,-0.27129695500050816,1.240894168739759
technology,102,0.007024881267865697,-0.040395383635798525,0.047420264903664223,-0.28913039790558154,2024-03-01,2024-04-01,11,0.03515743092778743,0.034157430927787426,-0.27129695500050816,1.240894168739759
utilities,35,0.06978950347972615,0.03921712947503875,0.030572374004687403,-0.16470588235294117,2024-03-01,2024-04-01,11,0.03515743092778743,0.034157430927787426,-0.27129695500050816,1.240894168739759
basic-materials,37,0.000982897126961986,-0.057237311691468534,0.05822020881843052,-0.13726884779516357,2024-04-01,2024-05-01,11,0.02059437565986645,0.01959437565986645,-0.09432016842211274,1.2652087152361835
communication-services,29,-0.040309315378313386,0.027508615062261942,-0.06781793044057532,0.28275862068965507,2024-04-01,2024-05-01,11,0.02059437565986645,0.01959437565986645,-0.09432016842211274,1.2652087152361835
consumer-cyclical,97,-0.06955414482903025,-0.10002865294241334,0.030474508113383092,-0.09157374289922153,2024-04-01,2024-05-01,11,0.02059437565986645,0.01959437565986645,-0.09432016842211274,1.2652087152361835
consumer-defensive,46,-0.0005325963736229211,-0.02880982170223511,0.02827722532861219,-0.17446808510638298,2024-04-01,2024-05-01,11,0.02059437565986645,0.01959437565986645,-0.09432016842211274,1.2652087152361835
energy,29,-0.042031923295941964,-0.04817178137562169,0.006139858079679726,-0.12315270935960589,2024-04-01,2024-05-01,11,0.02059437565986645,0.01959437565986645,-0.09432016842211274,1.2652087152361835
financial-services,138,-0.0224938021840519,-0.06659224585299621,0.04409844366894431,-0.23736440869519554,2024-04-01,2024-05-01,11,0.02059437565986645,0.01959437565986645,-0.09432016842211274,1.2652087152361835
healthcare,75,-0.027167067757407935,-0.05737056100651494,0.030203493249107007,-0.1923470839260313,2024-04-01,2024-05-01,11,0.02059437565986645,0.01959437565986645,-0.09432016842211274,1.2652087152361835
industrials,146,-0.024902495914025703,-0.07325959412900598,0.048357098214980285,-0.23251809935121903,2024-04-01,2024-05-01,11,0.02059437565986645,0.01959437565986645,-0.09432016842211274,1.2652087152361835
real-estate,48,-0.03049929768523433,-0.06093394245711681,0.03043464477188248,-0.06328701693443335,2024-04-01,2024-05-01,11,0.02059437565986645,0.01959437565986645,-0.09432016842211274,1.2652087152361835
technology,103,-0.05807808267340001,-0.07945111128616682,0.021373028612766805,-0.07446294425163644,2024-04-01,2024-05-01,11,0.02059437565986645,0.01959437565986645,-0.09432016842211274,1.2652087152361835
utilities,35,0.029804476110902058,0.033026922269582155,-0.003222446158680097,0.006162464985994398,2024-04-01,2024-05-01,11,0.02059437565986645,0.01959437565986645,-0.09432016842211274,1.2652087152361835
basic-materials,37,0.07949474404321341,0.05123690823291148,0.02825783581030193,-0.08582266477003318,2024-05-01,2024-06-03,11,0.031010192923409494,0.030010192923409493,-0.07466763368873455,1.3031778728688006
communication-services,29,0.07954398685799152,-0.011403007773238228,0.09094699463122975,-0.09458128078817732,2024-05-01,2024-06-03,11,0.031010192923409494,0.030010192923409493,-0.07466763368873455,1.3031778728688006
consumer-cyclical,98,0.07855016804067495,0.06915634985320902,0.00939381818746593,-0.24148703530146826,2024-05-01,2024-06-03,11,0.031010192923409494,0.030010192923409493,-0.07466763368873455,1.3031778728688006
consumer-defensive,46,0.053106409582207956,0.004962863548797214,0.04814354603341074,-0.2024668516805427,2024-05-01,2024-06-03,11,0.031010192923409494,0.030010192923409493,-0.07466763368873455,1.3031778728688006
energy,29,0.02247610233799315,-0.028544392539240807,0.05102049487723395,-0.360591133004926,2024-05-01,2024-06-03,11,0.031010192923409494,0.030010192923409493,-0.07466763368873455,1.3031778728688006
financial-services,138,0.0394212291269301,0.019032650294319917,0.020388578832610183,-0.013007175979305414,2024-05-01,2024-06-03,11,0.031010192923409494,0.030010192923409493,-0.07466763368873455,1.3031778728688006
healthcare,75,0.015195302253647203,-0.017682422387669528,0.03287772464131673,-0.1823044096728307,2024-05-01,2024-06-03,11,0.031010192923409494,0.030010192923409493,-0.07466763368873455,1.3031778728688006
industrials,147,0.02341817729553459,0.009172863879125848,0.014245313416408743,-0.05071817694126892,2024-05-01,2024-06-03,11,0.031010192923409494,0.030010192923409493,-0.07466763368873455,1.3031778728688006
real-estate,48,0.009424927502452328,0.03754427110624954,-0.02811934360379721,0.18877551020408162,2024-05-01,2024-06-03,11,0.031010192923409494,0.030010192923409493,-0.07466763368873455,1.3031778728688006
technology,103,0.09425978860612323,0.005685521944350635,0.0885742666617726,-0.08362254535869613,2024-05-01,2024-06-03,11,0.031010192923409494,0.030010192923409493,-0.07466763368873455,1.3031778728688006
utilities,35,0.05325173745156286,0.06786884478201181,-0.014617107330448957,0.30448179271708686,2024-05-01,2024-06-03,11,0.031010192923409494,0.030010192923409493,-0.07466763368873455,1.3031778728688006
basic-materials,37,-0.08874294052836393,-0.017547000212861708,-0.07119594031550222,0.33594120436225694,2024-06-03,2024-07-03,11,-0.01617119105452932,-0.01717119105452932,0.11106180804136635,1.2808007566357353
communication-services,29,0.01107365453508692,0.04022580771538676,-0.029152153180299838,0.1689655172413793,2024-06-03,2024-07-03,11,-0.01617119105452932,-0.01717119105452932,0.11106180804136635,1.2808007566357353
consumer-cyclical,98,-0.018572512914933226,-0.030312492262099207,0.011739979347165981,-0.022550350974504137,2024-06-03,2024-07-03,11,-0.01617119105452932,-0.01717119105452932,0.11106180804136635,1.2808007566357353
consumer-defensive,46,0.0042164482235531,-0.023804264488955104,0.028020712712508205,-0.12118408880666051,2024-06-03,2024-07-03,11,-0.01617119105452932,-0.01717119105452932,0.11106180804136635,1.2808007566357353
energy,29,-0.008299715824455446,0.024548162037033448,-0.03284787786148889,0.30492610837438416,2024-06-03,2024-07-03,11,-0.01617119105452932,-0.01717119105452932,0.11106180804136635,1.2808007566357353
financial-services,138,0.008378448981892146,0.0069254422895912585,0.0014530066923008874,-0.10255737016226434,2024-06-03,2024-07-03,11,-0.01617119105452932,-0.01717119105452932,0.11106180804136635,1.2808007566357353
healthcare,75,0.003392694803715149,0.0067804095660985225,-0.0033877147623833734,0.02910384068278805,2024-06-03,2024-07-03,11,-0.01617119105452932,-0.01717119105452932,0.11106180804136635,1.2808007566357353
industrials,147,-0.016612138697032253,0.001793044093360433,-0.018405182790392688,0.11812707311728839,2024-06-03,2024-07-03,11,-0.01617119105452932,-0.01717119105452932,0.11106180804136635,1.2808007566357353
real-estate,48,0.01958159775649177,0.01889962455381126,0.0006819732026805102,0.067629179331307,2024-06-03,2024-07-03,11,-0.01617119105452932,-0.01717119105452932,0.11106180804136635,1.2808007566357353
technology,103,0.010063017040355008,0.05655544609139561,-0.046492429051040604,0.3009818565215482,2024-06-03,2024-07-03,11,-0.01617119105452932,-0.01717119105452932,0.11106180804136635,1.2808007566357353
utilities,35,-0.0487217171941415,-0.030424241600771028,-0.01829747559337047,0.14229691876750702,2024-06-03,2024-07-03,11,-0.01617119105452932,-0.01717119105452932,0.11106180804136635,1.2808007566357353
basic-materials,37,0.07722671204932026,0.06716187802546035,0.010064834023859909,-0.14912280701754385,2024-07-01,2024-08-01,11,0.059986278585772365,0.058986278585772364,-0.19022056618242367,1.356350426879519
communication-services,29,0.09777592617696497,-0.034263634725786994,0.13203956090275196,-0.3541871921182265,2024-07-01,2024-08-01,11,0.059986278585772365,0.058986278585772364,-0.19022056618242367,1.356350426879519
consumer-cyclical,98,0.0440881249886936,-0.02232825216936912,0.06641637715806271,-0.2324337420066433,2024-07-01,2024-08-01,11,0.059986278585772365,0.058986278585772364,-0.19022056618242367,1.356350426879519
consumer-defensive,46,0.0994924887727627,-0.037306722761919646,0.13679921153468236,-0.37798334875115636,2024-07-01,2024-08-01,11,0.059986278585772365,0.058986278585772364,-0.19022056618242367,1.356350426879519
energy,29,-0.02576384350147205,-0.00041877358991102763,-0.025345069911561022,0.13251231527093593,2024-07-01,2024-08-01,11,0.059986278585772365,0.058986278585772364,-0.19022056618242367,1.356350426879519
financial-services,138,0.05976119044766808,0.048403009637049764,0.011358180810618318,0.016536944991769196,2024-07-01,2024-08-01,11,0.059986278585772365,0.058986278585772364,-0.19022056618242367,1.356350426879519
healthcare,75,0.10493811407478722,-0.004742053319815875,0.1096801673946031,-0.32176386913229016,2024-07-01,2024-08-01,11,0.059986278585772365,0.058986278585772364,-0.19022056618242367,1.356350426879519
industrials,147,0.06400592712212648,0.04460679146351556,0.01939913565861092,-0.09660821011114555,2024-07-01,2024-08-01,11,0.059986278585772365,0.058986278585772364,-0.19022056618242367,1.356350426879519
real-estate,48,0.10304821247561691,0.09986328028119293,0.0031849321944239783,-0.0589448545375597,2024-07-01,2024-08-01,11,0.059986278585772365,0.058986278585772364,-0.19022056618242367,1.356350426879519
technology,103,0.047238137108473036,-0.0831082029334873,0.13034634004196033,-0.3512718007292536,2024-07-01,2024-08-01,11,0.059986278585772365,0.058986278585772364,-0.19022056618242367,1.356350426879519
utilities,35,0.12072931241065664,0.05482391777517321,0.06590539463548342,-0.2991596638655462,2024-07-01,2024-08-01,11,0.059986278585772365,0.058986278585772364,-0.19022056618242367,1.356350426879519
basic-materials,37,0.018801409474269826,-0.003747842064435229,0.022549251538705056,-0.01944049312470365,2024-08-01,2024-09-03,11,-0.001222603733008555,-0.002222603733008555,0.006213744830843874,1.353335797357469
communication-services,29,0.027836025032799753,0.02284947665554463,0.004986548377255123,-0.05467980295566501,2024-08-01,2024-09-03,11,-0.001222603733008555,-0.002222603733008555,0.006213744830843874,1.353335797357469
consumer-cyclical,98,-0.0006661619677867356,0.03589730663406923,-0.03656346860185597,0.07452390515718939,2024-08-01,2024-09-03,11,-0.001222603733008555,-0.002222603733008555,0.006213744830843874,1.353335797357469
consumer-defensive,46,0.005232107135881818,0.03152108385132006,-0.026288976715438242,-0.09441874807277212,2024-08-01,2024-09-03,11,-0.001222603733008555,-0.002222603733008555,0.006213744830843874,1.353335797357469
energy,29,-0.0673342284786483,-0.007115366137857788,-0.06021886234079051,0.34778325123152704,2024-08-01,2024-09-03,11,-0.001222603733008555,-0.002222603733008555,0.006213744830843874,1.353335797357469
financial-services,138,0.03795725122756909,0.024314387463840795,0.013642863763728297,-0.10651637369888284,2024-08-01,2024-09-03,11,-0.001222603733008555,-0.002222603733008555,0.006213744830843874,1.353335797357469
healthcare,75,0.045543427194481,0.014968045689045657,0.03057538150543534,-0.1551351351351351,2024-08-01,2024-09-03,11,-0.001222603733008555,-0.002222603733008555,0.006213744830843874,1.353335797357469
industrials,147,0.01100116298676021,-0.001891680157967579,0.01289284314472779,-0.0060937370135021795,2024-08-01,2024-09-03,11,-0.001222603733008555,-0.002222603733008555,0.006213744830843874,1.353335797357469
real-estate,48,0.05999802323999489,0.03705949067127997,0.02293853256871492,-0.06057316543638732,2024-08-01,2024-09-03,11,-0.001222603733008555,-0.002222603733008555,0.006213744830843874,1.353335797357469
technology,103,0.015198831749157128,0.023247192371710752,-0.008048360622553624,0.11545051179545755,2024-08-01,2024-09-03,11,-0.001222603733008555,-0.002222603733008555,0.006213744830843874,1.353335797357469
utilities,35,0.022541710206240385,0.012456103887262676,0.01008560631897771,0.027450980392156866,2024-08-01,2024-09-03,11,-0.001222603733008555,-0.002222603733008555,0.006213744830843874,1.353335797357469
basic-materials,37,0.05937692022945196,0.024117911037474293,0.035259009191977664,-0.08629682313892839,2024-09-03,2024-10-03,11,0.004791154611742681,0.0037911546117426814,0.002962376145718365,1.358466502606857
communication-services,29,0.022528235696041638,0.023610905707388108,-0.0010826700113464698,0.04039408866995073,2024-09-03,2024-10-03,11,0.004791154611742681,0.0037911546117426814,0.002962376145718365,1.358466502606857
consumer-cyclical,98,0.035435617303374536,0.03832471716374038,-0.00288909986036584,-0.010105260473448983,2024-09-03,2024-10-03,11,0.004791154611742681,0.0037911546117426814,0.002962376145718365,1.358466502606857
consumer-defensive,46,-0.025186332131747285,-0.017608164413119208,-0.007578167718628077,-0.03903792784458834,2024-09-03,2024-10-03,11,0.004791154611742681,0.0037911546117426814,0.002962376145718365,1.358466502606857
energy,29,0.10610176422066636,0.0486884770365647,0.057413287184101665,-0.08423645320197042,2024-09-03,2024-10-03,11,0.004791154611742681,0.0037911546117426814,0.002962376145718365,1.358466502606857
financial-services,138,0.007795465731993883,0.0365273690743243,-0.028731903342330417,0.15518882894319264,2024-09-03,2024-10-03,11,0.004791154611742681,0.0037911546117426814,0.002962376145718365,1.358466502606857
healthcare,75,-0.011188767798719466,-0.02633428740473719,0.015145519606017723,-0.021706970128022755,2024-09-03,2024-10-03,11,0.004791154611742681,0.0037911546117426814,0.002962376145718365,1.358466502606857
industrials,147,0.06149932098882902,0.045850600360381646,0.015648720628447375,-0.038489146121240055,2024-09-03,2024-10-03,11,0.004791154611742681,0.0037911546117426814,0.002962376145718365,1.358466502606857
real-estate,48,0.03124614724629008,0.019682440290806024,0.011563706955484056,-0.04537559704732957,2024-09-03,2024-10-03,11,0.004791154611742681,0.0037911546117426814,0.002962376145718365,1.358466502606857
technology,103,0.024942854235253126,0.06084735682457071,-0.035904502589317586,0.11435223828142162,2024-09-03,2024-10-03,11,0.004791154611742681,0.0037911546117426814,0.002962376145718365,1.358466502606857
utilities,35,0.012673425161147238,0.01881462447601784,-0.0061411993148706,0.04789915966386555,2024-09-03,2024-10-03,11,0.004791154611742681,0.0037911546117426814,0.002962376145718365,1.358466502606857
basic-materials,37,-0.021051931248902506,-0.031517879900368875,0.01046594865146637,-0.08179231863442388,2024-10-01,2024-11-01,11,0.010913019754612202,0.009913019754612201,-0.015604363198688898,1.3719330078831777
communication-services,29,0.06432083059160285,0.021703193847668834,0.04261763674393401,0.05320197044334973,2024-10-01,2024-11-01,11,0.010913019754612202,0.009913019754612201,-0.015604363198688898,1.3719330078831777
consumer-cyclical,98,0.020566880679430032,-0.03866123372868917,0.059228114408119203,-0.1743141492773304,2024-10-01,2024-11-01,11,0.010913019754612202,0.009913019754612201,-0.015604363198688898,1.3719330078831777
consumer-defensive,46,-0.03660989315501397,-0.012414727545704612,-0.024195165609309358,0.14338575393154487,2024-10-01,2024-11-01,11,0.010913019754612202,0.009913019754612201,-0.015604363198688898,1.3719330078831777
energy,29,-0.05834860256230281,0.00588128257315983,-0.06422988513546264,0.4236453201970442,2024-10-01,2024-11-01,11,0.010913019754612202,0.009913019754612201,-0.015604363198688898,1.3719330078831777
financial-services,138,0.0562729029125776,0.030239725884720136,0.026033177027857467,-0.12582279463639495,2024-10-01,2024-11-01,11,0.010913019754612202,0.009913019754612201,-0.015604363198688898,1.3719330078831777
healthcare,75,0.0011870660980272127,-0.008219708052130657,0.009406774150157868,-0.04731152204836415,2024-10-01,2024-11-01,11,0.010913019754612202,0.009913019754612201,-0.015604363198688898,1.3719330078831777
industrials,148,0.03944278307842209,0.015606191742771048,0.023836591335651042,-0.10898914254618954,2024-10-01,2024-11-01,11,0.010913019754612202,0.009913019754612201,-0.015604363198688898,1.3719330078831777
real-estate,48,-0.02016639046567858,-0.04394218722630701,0.02377579676062843,-0.1733608336951802,2024-10-01,2024-11-01,11,0.010913019754612202,0.009913019754612201,-0.015604363198688898,1.3719330078831777
technology,103,0.011515894613106557,0.008631560860446117,0.0028843337526604403,0.07209067346131882,2024-10-01,2024-11-01,11,0.010913019754612202,0.009913019754612201,-0.015604363198688898,1.3719330078831777
utilities,35,-0.040766009475270426,-0.05098590469030179,0.010219895215031367,-0.1523809523809524,2024-10-01,2024-11-01,11,0.010913019754612202,0.009913019754612201,-0.015604363198688898,1.3719330078831777
basic-materials,37,0.06088010825755886,0.056703384074218495,0.0041767241833403634,-0.14058795637743005,2024-11-01,2024-12-02,11,0.008182188884748497,0.007182188884748497,-0.015597377404561479,1.381786489883016
communication-services,29,0.06919383137346921,0.06878709506758622,0.00040673630588299037,0.1886699507389162,2024-11-01,2024-12-02,11,0.008182188884748497,0.007182188884748497,-0.015597377404561479,1.381786489883016
consumer-cyclical,98,0.15121745114634602,0.1032337966997519,0.04798365444659412,-0.17266925514348194,2024-11-01,2024-12-02,11,0.008182188884748497,0.007182188884748497,-0.015597377404561479,1.381786489883016
consumer-defensive,46,0.04180314692757742,0.07106445153288427,-0.029261304605306848,0.22306506321307432,2024-11-01,2024-12-02,11,0.008182188884748497,0.007182188884748497,-0.015597377404561479,1.381786489883016
energy,29,0.15031326412419302,0.08804848237309167,0.06226478175110135,-0.12019704433497534,2024-11-01,2024-12-02,11,0.008182188884748497,0.007182188884748497,-0.015597377404561479,1.381786489883016
financial-services,138,0.1310239078442325,0.11450840869350205,0.01651549915073046,-0.1571614812244143,2024-11-01,2024-12-02,11,0.008182188884748497,0.007182188884748497,-0.015597377404561479,1.381786489883016
healthcare,75,0.028268303910915612,-0.009174378264691974,0.03744268217560759,0.008079658605974396,2024-11-01,2024-12-02,11,0.008182188884748497,0.007182188884748497,-0.015597377404561479,1.381786489883016
industrials,150,0.08446746928570008,0.059224780035490816,0.025242689250209262,-0.07950397795457577,2024-11-01,2024-12-02,11,0.008182188884748497,0.007182188884748497,-0.015597377404561479,1.381786489883016
real-estate,48,0.033698175025054504,0.041240937254291204,-0.0075427622292367005,0.02116804168475901,2024-11-01,2024-12-02,11,0.008182188884748497,0.007182188884748497,-0.015597377404561479,1.381786489883016
technology,104,0.05768794884149201,0.12691967955320083,-0.06923173071170882,0.13487677371172518,2024-11-01,2024-12-02,11,0.008182188884748497,0.007182188884748497,-0.015597377404561479,1.381786489883016
utilities,35,0.06611829156906912,0.06411118355404942,0.0020071080150197013,-0.0773109243697479,2024-11-01,2024-12-02,11,0.008182188884748497,0.007182188884748497,-0.015597377404561479,1.381786489883016
basic-materials,37,-0.10052871647429587,-0.10726932468304307,0.006740608208747195,0.08321479374110952,2024-12-02,2025-01-02,11,0.0035198281093686543,0.0025198281093686543,-0.028884890997355587,1.3852683543213689
communication-services,29,-0.058690666923112096,-0.03509029908927932,-0.023600367833832778,0.037438423645320185,2024-12-02,2025-01-02,11,0.0035198281093686543,0.0025198281093686543,-0.028884890997355587,1.3852683543213689
consumer-cyclical,98,-0.05836287319597233,-0.028432290963291272,-0.02993058223268106,0.076755350687604,2024-12-02,2025-01-02,11,0.0035198281093686543,0.0025198281093686543,-0.028884890997355587,1.3852683543213689
consumer-defensive,46,-0.029095575374111664,-0.04576265031357102,0.016667074939459355,-0.1166204131976565,2024-12-02,2025-01-02,11,0.0035198281093686543,0.0025198281093686543,-0.028884890997355587,1.3852683543213689
energy,29,-0.01612949088869219,-0.04185655411612493,0.025727063227432744,-0.08620689655172412,2024-12-02,2025-01-02,11,0.0035198281093686543,0.0025198281093686543,-0.028884890997355587,1.3852683543213689
financial-services,138,-0.04728636538322817,-0.06729614762604981,0.02000978224282164,-0.09083561459306055,2024-12-02,2025-01-02,11,0.0035198281093686543,0.0025198281093686543,-0.028884890997355587,1.3852683543213689
healthcare,75,-0.0727623722238495,-0.05045821350890061,-0.02230415871494889,0.2945661450924609,2024-12-02,2025-01-02,11,0.0035198281093686543,0.0025198281093686543,-0.028884890997355587,1.3852683543213689
industrials,150,-0.07931652786986354,-0.09281796695549409,0.013501439085630548,-0.1369038623938842,2024-12-02,2025-01-02,11,0.0035198281093686543,0.0025198281093686543,-0.028884890997355587,1.3852683543213689
real-estate,48,-0.056371624619395454,-0.08580359756583447,0.029431972946439018,-0.2310030395136778,2024-12-02,2025-01-02,11,0.0035198281093686543,0.0025198281093686543,-0.028884890997355587,1.3852683543213689
technology,104,-0.047823444144210504,-0.029339924725866492,-0.018483519418344013,-0.003040648671716633,2024-12-02,2025-01-02,11,0.0035198281093686543,0.0025198281093686543,-0.028884890997355587,1.3852683543213689
utilities,35,-0.04013935660181609,-0.061098153354147526,0.020958796752331435,-0.1450980392156863,2024-12-02,2025-01-02,11,0.0035198281093686543,0.0025198281093686543,-0.028884890997355587,1.3852683543213689
basic-materials,37,0.02555062087678496,0.05271896004576736,-0.027168339168982397,0.11925082977714554,2025-01-02,2025-02-03,11,0.007891188522388194,0.006891188522388194,-0.06311098426727405,1.3948144997050957
communication-services,29,0.023607444004559122,0.019548748581857577,0.004058695422701545,-0.024137931034482755,2025-01-02,2025-02-03,11,0.007891188522388194,0.006891188522388194,-0.06311098426727405,1.3948144997050957
consumer-cyclical,98,0.04477921139763209,0.047770658769422214,-0.0029914473717901208,0.042072311586302744,2025-01-02,2025-02-03,11,0.007891188522388194,0.006891188522388194,-0.06311098426727405,1.3948144997050957
consumer-defensive,46,-0.0009532976110150909,0.03273375126936951,-0.0336870488803846,0.16312056737588654,2025-01-02,2025-02-03,11,0.007891188522388194,0.006891188522388194,-0.06311098426727405,1.3948144997050957
energy,29,0.030707602228381436,0.026809065548796262,0.003898536679585174,-0.09310344827586205,2025-01-02,2025-02-03,11,0.007891188522388194,0.006891188522388194,-0.06311098426727405,1.3948144997050957
financial-services,138,0.09514233146177119,0.03839958002751333,0.05674275143425786,-0.22976604435271203,2025-01-02,2025-02-03,11,0.007891188522388194,0.006891188522388194,-0.06311098426727405,1.3948144997050957
healthcare,75,0.07477933147597055,0.05551193434245328,0.019267397133517265,-0.08332859174964437,2025-01-02,2025-02-03,11,0.007891188522388194,0.006891188522388194,-0.06311098426727405,1.3948144997050957
industrials,150,0.023704943360789668,0.018277179755176797,0.005427763605612871,0.025570914262856126,2025-01-02,2025-02-03,11,0.007891188522388194,0.006891188522388194,-0.06311098426727405,1.3948144997050957
real-estate,48,0.03458954103426143,0.016285132090812313,0.018304408943449115,-0.1622883195831524,2025-01-02,2025-02-03,11,0.007891188522388194,0.006891188522388194,-0.06311098426727405,1.3948144997050957
technology,104,0.05711457067202913,0.026174762165499493,0.030939808506529637,-0.1653366051424304,2025-01-02,2025-02-03,11,0.007891188522388194,0.006891188522388194,-0.06311098426727405,1.3948144997050957
utilities,35,0.026208615367580717,0.01419806792580694,0.012010547441773777,-0.2862745098039216,2025-01-02,2025-02-03,11,0.007891188522388194,0.006891188522388194,-0.06311098426727405,1.3948144997050957
basic-materials,37,-0.0007707218174593453,-0.007373554695843599,0.006602832878384254,-0.015410146989094355,2025-02-03,2025-03-03,11,0.026705815521192465,0.025705815521192464,-0.04375935478665688,1.4306693439207994
communication-services,29,0.06681390521661561,-0.05669686126164267,0.12351076647825827,-0.2507389162561576,2025-02-03,2025-03-03,11,0.026705815521192465,0.025705815521192464,-0.04375935478665688,1.4306693439207994
consumer-cyclical,98,-0.04028532396547696,-0.028607817864724105,-0.011677506100752855,0.07530172331350535,2025-02-03,2025-03-03,11,0.026705815521192465,0.025705815521192464,-0.04375935478665688,1.4306693439207994
consumer-defensive,47,0.025648525774881435,-0.037352532217659336,0.06300105799254077,-0.14523589269195192,2025-02-03,2025-03-03,11,0.026705815521192465,0.025705815521192464,-0.04375935478665688,1.4306693439207994
energy,29,-0.04681423598633605,-0.00548293006972798,-0.04133130591660807,0.34236453201970435,2025-02-03,2025-03-03,11,0.026705815521192465,0.025705815521192464,-0.04375935478665688,1.4306693439207994
financial-services,138,-0.03175202241330942,-0.04258525479207263,0.010833232378763213,0.004454449769286443,2025-02-03,2025-03-03,11,0.026705815521192465,0.025705815521192464,-0.04375935478665688,1.4306693439207994
healthcare,75,-0.01564638791140167,-0.044782258480332064,0.029135870568930394,-0.15209103840682786,2025-02-03,2025-03-03,11,0.026705815521192465,0.025705815521192464,-0.04375935478665688,1.4306693439207994
industrials,150,-0.0612015836938863,-0.045791670858117375,-0.015409912835768924,-0.025460687141650746,2025-02-03,2025-03-03,11,0.026705815521192465,0.025705815521192464,-0.04375935478665688,1.4306693439207994
real-estate,48,0.040356312061358715,0.029074292870351032,0.011282019191007683,-0.06534954407294832,2025-02-03,2025-03-03,11,0.026705815521192465,0.025705815521192464,-0.04375935478665688,1.4306693439207994
technology,104,-0.08541907699376217,-0.11504245268491896,0.029623375691156792,-0.14442547743518622,2025-02-03,2025-03-03,11,0.026705815521192465,0.025705815521192464,-0.04375935478665688,1.4306693439207994
utilities,35,0.08009600082629176,-0.008097539580913785,0.08819354040720555,-0.10476190476190476,2025-02-03,2025-03-03,11,0.026705815521192465,0.025705815521192464,-0.04375935478665688,1.4306693439207994
basic-materials,37,-0.032422834957445926,-0.08183475849768265,0.04941192354023673,-0.1522048364153627,2025-03-03,2025-04-03,11,0.026324123005176628,0.025324123005176627,-0.03297187580551463,1.466899790365985
communication-services,29,0.020721430123970232,-0.11616326845285903,0.13688469857682925,-0.32118226600985217,2025-03-03,2025-04-03,11,0.026324123005176628,0.025324123005176627,-0.03297187580551463,1.466899790365985
consumer-cyclical,98,-0.10739114834813761,-0.14262330077764765,0.03523215242951004,0.006075907401386046,2025-03-03,2025-04-03,11,0.026324123005176628,0.025324123005176627,-0.03297187580551463,1.466899790365985
consumer-defensive,47,0.007227473071056626,-0.0031603868073576567,0.010387859878414282,0.009481961147086031,2025-03-03,2025-04-03,11,0.026324123005176628,0.025324123005176627,-0.03297187580551463,1.466899790365985
energy,29,-0.031614024820455354,0.008721460878218184,-0.04033548569867354,0.21970443349753688,2025-03-03,2025-04-03,11,0.026324123005176628,0.025324123005176627,-0.03297187580551463,1.466899790365985
financial-services,138,-0.09899525327541339,-0.06625673182342674,-0.03273852145198665,0.19924016356575164,2025-03-03,2025-04-03,11,0.026324123005176628,0.025324123005176627,-0.03297187580551463,1.466899790365985
healthcare,75,0.004911405107723985,-0.1070692385379505,0.11198064364567449,-0.33328591749644376,2025-03-03,2025-04-03,11,0.026324123005176628,0.025324123005176627,-0.03297187580551463,1.466899790365985
industrials,150,-0.04925984011755505,-0.08289196731120264,0.033632127193647596,0.02898795502022312,2025-03-03,2025-04-03,11,0.026324123005176628,0.025324123005176627,-0.03297187580551463,1.466899790365985
real-estate,48,-0.09098865705300323,-0.06070837496813095,-0.030280282084872275,0.16402518454190185,2025-03-03,2025-04-03,11,0.026324123005176628,0.025324123005176627,-0.03297187580551463,1.466899790365985
technology,104,-0.1110219396855377,-0.09762775209785891,-0.013394187587678782,-0.008183079056865465,2025-03-03,2025-04-03,11,0.026324123005176628,0.025324123005176627,-0.03297187580551463,1.466899790365985
utilities,35,0.027415594706153762,-0.0013688299096879849,0.02878442461584175,-0.1753501400560224,2025-03-03,2025-04-03,11,0.026324123005176628,0.025324123005176627,-0.03297187580551463,1.466899790365985
basic-materials,37,-0.01758089616869353,-0.049971413844213684,0.032390517675520154,-0.17543859649122803,2025-04-01,2025-05-01,11,0.0014775954736425936,0.0004775954736425936,0.033764485047020704,1.4676003750661513
communication-services,29,-0.007035707869082047,-0.013793448806329552,0.006757740937247504,0.08226600985221673,2025-04-01,2025-05-01,11,0.0014775954736425936,0.0004775954736425936,0.033764485047020704,1.4676003750661513
consumer-cyclical,98,-0.0005058898039238554,-0.004666926840924906,0.004161037037001051,-0.10065094453901523,2025-04-01,2025-05-01,11,0.0014775954736425936,0.0004775954736425936,0.033764485047020704,1.4676003750661513
consumer-defensive,47,-0.023637727418716246,-0.016344619254079498,-0.007293108164636748,0.14951433857539317,2025-04-01,2025-05-01,11,0.0014775954736425936,0.0004775954736425936,0.033764485047020704,1.4676003750661513
energy,29,-0.1170447544784579,-0.08092508592043086,-0.036119668558027035,0.17290640394088666,2025-04-01,2025-05-01,11,0.0014775954736425936,0.0004775954736425936,0.033764485047020704,1.4676003750661513
financial-services,138,-0.00855189611686934,-0.03880074750305749,0.030248851386188148,-0.16158168355826288,2025-04-01,2025-05-01,11,0.0014775954736425936,0.0004775954736425936,0.033764485047020704,1.4676003750661513
healthcare,75,-0.013618170548201329,-0.01773028276901082,0.004112112220809492,0.014537695590327169,2025-04-01,2025-05-01,11,0.0014775954736425936,0.0004775954736425936,0.033764485047020704,1.4676003750661513
industrials,150,0.016068049291386374,-0.028959767020284608,0.04502781631167098,-0.12832392550780033,2025-04-01,2025-05-01,11,0.0014775954736425936,0.0004775954736425936,0.033764485047020704,1.4676003750661513
real-estate,48,-0.03119793374397171,-0.044936571239171594,0.013738637495199883,-0.04982631350412505,2025-04-01,2025-05-01,11,0.0014775954736425936,0.0004775954736425936,0.033764485047020704,1.4676003750661513
technology,104,0.005918148930232885,0.036993667029956614,-0.03107551809972373,0.18313240157900354,2025-04-01,2025-05-01,11,0.0014775954736425936,0.0004775954736425936,0.033764485047020704,1.4676003750661513
utilities,35,-0.021926387615250464,0.02376848041593071,-0.045694868031181175,0.384873949579832,2025-04-01,2025-05-01,11,0.0014775954736425936,0.0004775954736425936,0.033764485047020704,1.4676003750661513
basic-materials,37,0.05903456701560245,0.03181288043181898,0.027221686583783475,0.021811284969179705,2025-05-01,2025-06-02,11,0.01518983115713734,0.014189831157137341,-0.10318161631672308,1.4884253765944915
communication-services,29,0.04698112384393519,0.14085214253191258,-0.0938710186879774,0.13842364532019702,2025-05-01,2025-06-02,11,0.01518983115713734,0.014189831157137341,-0.10318161631672308,1.4884253765944915
consumer-cyclical,98,0.08279524421828868,0.10440422036500885,-0.021608976146720166,0.09408411912093795,2025-05-01,2025-06-02,11,0.01518983115713734,0.014189831157137341,-0.10318161631672308,1.4884253765944915
consumer-defensive,47,0.03746226795883632,-0.0029325605120934907,0.04039482847092982,-0.08048103607770583,2025-05-01,2025-06-02,11,0.01518983115713734,0.014189831157137341,-0.10318161631672308,1.4884253765944915
energy,29,0.11191716217095816,0.07157460335896863,0.04034255881198953,-0.42068965517241375,2025-05-01,2025-06-02,11,0.01518983115713734,0.014189831157137341,-0.10318161631672308,1.4884253765944915
financial-services,138,0.08432769484744958,0.04838999845955231,0.03593769638789727,-0.1588007918007073,2025-05-01,2025-06-02,11,0.01518983115713734,0.014189831157137341,-0.10318161631672308,1.4884253765944915
healthcare,75,0.03165106097540784,-0.012505993292871513,0.04415705426827935,-0.28247510668563297,2025-05-01,2025-06-02,11,0.01518983115713734,0.014189831157137341,-0.10318161631672308,1.4884253765944915
industrials,150,0.07626205177992235,0.04096304391074277,0.035299007869179576,-0.07605493577492332,2025-05-01,2025-06-02,11,0.01518983115713734,0.014189831157137341,-0.10318161631672308,1.4884253765944915
real-estate,48,0.015108428449036353,0.0089201908067096,0.0061882376423267535,-0.02952670429874077,2025-05-01,2025-06-02,11,0.01518983115713734,0.014189831157137341,-0.10318161631672308,1.4884253765944915
technology,104,0.0761121130218603,0.03818571728060578,0.03792639574125452,-0.09955190440627336,2025-05-01,2025-06-02,11,0.01518983115713734,0.014189831157137341,-0.10318161631672308,1.4884253765944915
utilities,35,0.042568530796718754,0.027467859009150723,0.015100671787568031,-0.24173669467787118,2025-05-01,2025-06-02,11,0.01518983115713734,0.014189831157137341,-0.10318161631672308,1.4884253765944915
basic-materials,37,0.09353149567704062,0.06090095545178039,0.032630540225260234,-0.13063063063063063,2025-06-02,2025-07-02,11,0.05161245425527734,0.05061245425527734,-0.2392024530107532,1.563758237879774
communication-services,29,0.04121085524579569,0.06716752382961197,-0.025956668583816282,0.19162561576354678,2025-06-02,2025-07-02,11,0.05161245425527734,0.05061245425527734,-0.2392024530107532,1.563758237879774
consumer-cyclical,98,0.13187853144696637,0.0444162806017142,0.08746225084525217,-0.3523962537217323,2025-06-02,2025-07-02,11,0.05161245425527734,0.05061245425527734,-0.2392024530107532,1.563758237879774
consumer-defensive,47,0.042255264700484,-0.025724629115285048,0.06797989381576905,-0.28734967622571694,2025-06-02,2025-07-02,11,0.05161245425527734,0.05061245425527734,-0.2392024530107532,1.563758237879774
energy,29,0.12040040433938497,-0.0017472495890914254,0.12214765392847639,-0.4413793103448275,2025-06-02,2025-07-02,11,0.05161245425527734,0.05061245425527734,-0.2392024530107532,1.563758237879774
financial-services,138,0.10713976417326528,0.031133922083219762,0.07600584209004552,-0.37992050028653684,2025-06-02,2025-07-02,11,0.05161245425527734,0.05061245425527734,-0.2392024530107532,1.563758237879774
healthcare,75,0.03681803863236422,-0.016246769208375943,0.053064807840740164,-0.13220483641536274,2025-06-02,2025-07-02,11,0.05161245425527734,0.05061245425527734,-0.2392024530107532,1.563758237879774
industrials,150,0.0921096349179134,0.05008167497007358,0.04202795994783982,-0.3026001155606916,2025-06-02,2025-07-02,11,0.05161245425527734,0.05061245425527734,-0.2392024530107532,1.563758237879774
real-estate,48,0.04438763688764613,-0.0068568995193563605,0.051244536407002494,-0.38363004776378634,2025-06-02,2025-07-02,11,0.05161245425527734,0.05061245425527734,-0.2392024530107532,1.563758237879774
technology,104,0.10189395345645255,0.014745663817690203,0.08714828963876235,-0.2707244212098581,2025-06-02,2025-07-02,11,0.05161245425527734,0.05061245425527734,-0.2392024530107532,1.563758237879774
utilities,35,-0.030855533088569285,-0.004837423741288181,-0.026018109347281104,-0.14201680672268907,2025-06-02,2025-07-02,11,0.05161245425527734,0.05061245425527734,-0.2392024530107532,1.563758237879774
basic-materials,37,-0.049886148747006746,-0.04159083071627302,-0.008295318030733724,0.11474632527264104,2025-07-01,2025-08-01,11,-0.002901563834380597,-0.003901563834380597,0.018226786498599958,1.5576571352931476
communication-services,29,-0.0838076769181268,2.3704011006324872e-05,-0.08383138092913311,-0.00985221674876847,2025-07-01,2025-08-01,11,-0.002901563834380597,-0.003901563834380597,0.018226786498599958,1.5576571352931476
consumer-cyclical,98,0.018354619277618275,-0.0709182227867263,0.08927284206434458,-0.2498135149092439,2025-07-01,2025-08-01,11,-0.002901563834380597,-0.003901563834380597,0.018226786498599958,1.5576571352931476
consumer-defensive,47,-0.010544156020683499,-0.03698363349197514,0.026439477471291644,-0.19576780758556891,2025-07-01,2025-08-01,11,-0.002901563834380597,-0.003901563834380597,0.018226786498599958,1.5576571352931476
energy,29,-0.01924396394479092,0.019582696070298413,-0.03882666001508933,0.351231527093596,2025-07-01,2025-08-01,11,-0.002901563834380597,-0.003901563834380597,0.018226786498599958,1.5576571352931476
financial-services,138,-0.02931309580985972,-0.02727481320432595,-0.002038282605533768,-0.03363326476235704,2025-07-01,2025-08-01,11,-0.002901563834380597,-0.003901563834380597,0.018226786498599958,1.5576571352931476
healthcare,75,-0.06770214651894484,-0.05373744045285958,-0.013964706066085256,0.10093883357041253,2025-07-01,2025-08-01,11,-0.002901563834380597,-0.003901563834380597,0.018226786498599958,1.5576571352931476
industrials,150,0.021005486451135195,-0.004417565044091942,0.02542305149522714,-0.16261878305702476,2025-07-01,2025-08-01,11,-0.002901563834380597,-0.003901563834380597,0.018226786498599958,1.5576571352931476
real-estate,48,-0.0018751534389524662,-0.023435432684873296,0.02156027924592083,-0.19973947025618757,2025-07-01,2025-08-01,11,-0.002901563834380597,-0.003901563834380597,0.018226786498599958,1.5576571352931476
technology,104,-0.015461753984493117,0.005740012166934309,-0.021201766151427427,0.13738397524805293,2025-07-01,2025-08-01,11,-0.002901563834380597,-0.003901563834380597,0.018226786498599958,1.5576571352931476
utilities,35,0.03302807530621861,0.05948281396318676,-0.026454738656968152,0.34761904761904766,2025-07-01,2025-08-01,11,-0.002901563834380597,-0.003901563834380597,0.018226786498599958,1.5576571352931476
basic-materials,37,0.04217650045033391,0.044654282974108304,-0.0024777825237743967,0.04101469890943575,2025-08-01,2025-09-02,11,0.0578128872106548,0.0568128872106548,-0.2605589850169789,1.646152134433429
communication-services,29,0.07570393591888812,-0.010807064531601194,0.08651100045048932,-0.26108374384236444,2025-08-01,2025-09-02,11,0.0578128872106548,0.0568128872106548,-0.2605589850169789,1.646152134433429
consumer-cyclical,98,0.10106071423075194,0.023040316373091667,0.07802039785766027,-0.3311401411548687,2025-08-01,2025-09-02,11,0.0578128872106548,0.0568128872106548,-0.2605589850169789,1.646152134433429
consumer-defensive,47,0.034420748738857296,-0.04413899941975648,0.07855974815861377,-0.35164199814986125,2025-08-01,2025-09-02,11,0.0578128872106548,0.0568128872106548,-0.2605589850169789,1.646152134433429
energy,29,0.13451438134184981,-0.011205405424417893,0.1457197867662677,-0.48177339901477817,2025-08-01,2025-09-02,11,0.0578128872106548,0.0568128872106548,-0.2605589850169789,1.646152134433429
financial-services,138,0.06899056184992176,0.004146181590897723,0.06484438025902405,-0.360915456780878,2025-08-01,2025-09-02,11,0.0578128872106548,0.0568128872106548,-0.2605589850169789,1.646152134433429
healthcare,75,0.10122668772038397,0.05924031599197636,0.041986371728407614,-0.174651493598862,2025-08-01,2025-09-02,11,0.0578128872106548,0.0568128872106548,-0.2605589850169789,1.646152134433429
industrials,150,0.06539293467086216,0.014432229261786304,0.05096070540907585,-0.34744121960976043,2025-08-01,2025-09-02,11,0.0578128872106548,0.0568128872106548,-0.2605589850169789,1.646152134433429
real-estate,48,0.06257110329025202,0.04044357708252499,0.02212752620772703,-0.18855840208423794,2025-08-01,2025-09-02,11,0.0578128872106548,0.0568128872106548,-0.2605589850169789,1.646152134433429
technology,104,0.05432834696371815,0.017431533860511494,0.03689681310320665,-0.27662434652725915,2025-08-01,2025-09-02,11,0.0578128872106548,0.0568128872106548,-0.2605589850169789,1.646152134433429
utilities,35,0.011278560242352747,-0.02151425165815209,0.032792811900504835,-0.13333333333333336,2025-08-01,2025-09-02,11,0.0578128872106548,0.0568128872106548,-0.2605589850169789,1.646152134433429
basic-materials,37,-0.01713789688472718,-0.04193776918368778,0.0247998722989606,-0.05263157894736842,2025-09-02,2025-10-02,11,0.01957381225508255,0.018573812255082547,-0.0388132562338984,1.6767274551216986
communication-services,29,-0.03704059444229418,0.01805521226426689,-0.05509580670656107,0.13546798029556648,2025-09-02,2025-10-02,11,0.01957381225508255,0.018573812255082547,-0.0388132562338984,1.6767274551216986
consumer-cyclical,98,0.019384098204552867,-0.04574602939781426,0.06513012760236712,-0.17416113586953053,2025-09-02,2025-10-02,11,0.01957381225508255,0.018573812255082547,-0.0388132562338984,1.6767274551216986
consumer-defensive,47,-0.04768417084529395,-0.0495882777588074,0.001904106913513448,0.027867715078630898,2025-09-02,2025-10-02,11,0.01957381225508255,0.018573812255082547,-0.0388132562338984,1.6767274551216986
energy,29,0.049859822181052275,0.0327949038735166,0.017064918307535676,-0.13842364532019702,2025-09-02,2025-10-02,11,0.01957381225508255,0.018573812255082547,-0.0388132562338984,1.6767274551216986
financial-services,138,-0.020686200605546882,-0.036118858046920374,0.015432657441373492,-0.09572158204886423,2025-09-02,2025-10-02,11,0.01957381225508255,0.018573812255082547,-0.0388132562338984,1.6767274551216986
healthcare,75,0.05304662517586186,0.021701906098942333,0.031344719076919526,-0.1357041251778094,2025-09-02,2025-10-02,11,0.01957381225508255,0.018573812255082547,-0.0388132562338984,1.6767274551216986
industrials,150,0.025892964151715794,-0.013940584631942511,0.0398335487836583,-0.12400017778567939,2025-09-02,2025-10-02,11,0.01957381225508255,0.018573812255082547,-0.0388132562338984,1.6767274551216986
real-estate,48,0.010145841585870514,0.04662602162756738,-0.03648018004169686,0.19138080764220583,2025-09-02,2025-10-02,11,0.01957381225508255,0.018573812255082547,-0.0388132562338984,1.6767274551216986
technology,104,0.11930550836851656,0.005825418352495463,0.11348009001602109,-0.19463352181798785,2025-09-02,2025-10-02,11,0.01957381225508255,0.018573812255082547,-0.0388132562338984,1.6767274551216986
utilities,35,0.032907659741438215,0.0350097786276215,-0.0021021188861832865,0.13361344537815126,2025-09-02,2025-10-02,11,0.01957381225508255,0.018573812255082547,-0.0388132562338984,1.6767274551216986
basic-materials,37,-0.02777012678280123,-0.049794023380790746,0.022023896597989517,-0.07159791370317686,2025-10-01,2025-11-03,11,0.015242433947291962,0.014242433947291962,-0.09192068272278663,1.7006081351488804
communication-services,29,-0.08708114088005296,-0.01972984444624901,-0.06735129643380396,0.13793103448275862,2025-10-01,2025-11-03,11,0.015242433947291962,0.014242433947291962,-0.09192068272278663,1.7006081351488804
consumer-cyclical,98,-0.030877202416401968,-0.1041061744648732,0.07322897204847123,-0.34114976824844273,2025-10-01,2025-11-03,11,0.015242433947291962,0.014242433947291962,-0.09192068272278663,1.7006081351488804
consumer-defensive,47,-0.009922069562769207,-0.05138767495831824,0.041465605395549034,-0.17240980573543013,2025-10-01,2025-11-03,11,0.015242433947291962,0.014242433947291962,-0.09192068272278663,1.7006081351488804
energy,29,-0.0340308913576599,-0.05762709627181887,0.023596204914158966,-0.10098522167487682,2025-10-01,2025-11-03,11,0.015242433947291962,0.014242433947291962,-0.09192068272278663,1.7006081351488804
financial-services,138,-0.022378661783947897,-0.038121755892389704,0.015743094108441807,-0.12386384132934844,2025-10-01,2025-11-03,11,0.015242433947291962,0.014242433947291962,-0.09192068272278663,1.7006081351488804
healthcare,75,-0.017027652071975586,0.02294721363731713,-0.03997486570929272,0.07650071123755334,2025-10-01,2025-11-03,11,0.015242433947291962,0.014242433947291962,-0.09192068272278663,1.7006081351488804
industrials,150,0.00953579713124108,-0.015630529131027155,0.025166326262268234,-0.12940130672474334,2025-10-01,2025-11-03,11,0.015242433947291962,0.014242433947291962,-0.09192068272278663,1.7006081351488804
real-estate,48,-0.023103067584404533,-0.04191442637181801,0.01881135878741348,0.0219279201042119,2025-10-01,2025-11-03,11,0.015242433947291962,0.014242433947291962,-0.09192068272278663,1.7006081351488804
technology,104,0.05927091833801235,0.008235975357568396,0.051034942980443955,-0.163821615277926,2025-10-01,2025-11-03,11,0.015242433947291962,0.014242433947291962,-0.09192068272278663,1.7006081351488804
utilities,35,-0.010940363651604083,-0.014862898120176106,0.003922534468572023,-0.1442577030812325,2025-10-01,2025-11-03,11,0.015242433947291962,0.014242433947291962,-0.09192068272278663,1.7006081351488804
basic-materials,38,0.052172692421787764,-0.004153567324192312,0.05632625974598007,-0.41437794069373013,2025-11-03,2025-12-03,11,0.056680126808276006,0.055680126808276005,-0.2754683779119222,1.795298211765156
communication-services,29,0.01567045371161405,-0.09229051293102464,0.10796096664263868,-0.39064039408866985,2025-11-03,2025-12-03,11,0.056680126808276006,0.055680126808276005,-0.2754683779119222,1.795298211765156
consumer-cyclical,98,0.037420590166808876,0.07593854882380512,-0.03851795865699624,0.012668235054096613,2025-11-03,2025-12-03,11,0.056680126808276006,0.055680126808276005,-0.2754683779119222,1.795298211765156
consumer-defensive,47,0.046379316815306125,0.01630055075499931,0.030078766060306815,-0.13240055504162812,2025-11-03,2025-12-03,11,0.056680126808276006,0.055680126808276005,-0.2754683779119222,1.795298211765156
energy,29,0.11084179655119876,0.03061294771315834,0.08022884883804042,-0.43201970443349746,2025-11-03,2025-12-03,11,0.056680126808276006,0.055680126808276005,-0.2754683779119222,1.795298211765156
financial-services,138,0.05599207403252613,0.0067935449376457955,0.04919852909488034,-0.3263438122875232,2025-11-03,2025-12-03,11,0.056680126808276006,0.055680126808276005,-0.2754683779119222,1.795298211765156
healthcare,75,0.10171520540088765,0.0056991580757459045,0.09601604732514174,-0.3871408250355619,2025-11-03,2025-12-03,11,0.056680126808276006,0.055680126808276005,-0.2754683779119222,1.795298211765156
industrials,150,0.04306928341112139,0.006210077971692693,0.036859205439428694,-0.24280723587715008,2025-11-03,2025-12-03,11,0.056680126808276006,0.055680126808276005,-0.2754683779119222,1.795298211765156
real-estate,48,0.03524735190932127,-0.005467830469622395,0.040715182378943664,-0.11984368215371255,2025-11-03,2025-12-03,11,0.056680126808276006,0.055680126808276005,-0.2754683779119222,1.795298211765156
technology,105,0.03200090926200862,-0.08599477193974046,0.11799568120174908,-0.3347812564793697,2025-11-03,2025-12-03,11,0.056680126808276006,0.055680126808276005,-0.2754683779119222,1.795298211765156
utilities,35,0.012630188234905696,-0.03398967858601715,0.04661986682092284,-0.26246498599439777,2025-11-03,2025-12-03,11,0.056680126808276006,0.055680126808276005,-0.2754683779119222,1.795298211765156
basic-materials,38,0.08927590450801458,0.007593890719754036,0.08168201378826054,-0.24302440091913777,2025-12-01,2026-01-02,11,0.030648943085692795,0.029648943085692794,-0.13308099242346103,1.848526906267627
communication-services,29,0.030267732999490076,0.008269657733174689,0.021998075266315385,-0.16059113300492608,2025-12-01,2026-01-02,11,0.030648943085692795,0.029648943085692794,-0.13308099242346103,1.848526906267627
consumer-cyclical,98,0.03332936574804384,-0.014299759886329,0.04762912563437284,-0.1753852431319294,2025-12-01,2026-01-02,11,0.030648943085692795,0.029648943085692794,-0.13308099242346103,1.848526906267627
consumer-defensive,47,0.012423822632698563,-0.0727591211936452,0.08518294382634375,-0.29232192414431085,2025-12-01,2026-01-02,11,0.030648943085692795,0.029648943085692794,-0.13308099242346103,1.848526906267627
energy,29,-0.05408550906916836,0.0009840184937653963,-0.05506952756293376,0.39064039408866985,2025-12-01,2026-01-02,11,0.030648943085692795,0.029648943085692794,-0.13308099242346103,1.848526906267627
financial-services,138,0.04155092942962172,0.010854809162471364,0.030696120267150358,-0.28867163330585927,2025-12-01,2026-01-02,11,0.030648943085692795,0.029648943085692794,-0.13308099242346103,1.848526906267627
healthcare,75,-0.00848717308708738,-0.026950865786198385,0.018463692699111005,-0.04782361308677098,2025-12-01,2026-01-02,11,0.030648943085692795,0.029648943085692794,-0.13308099242346103,1.848526906267627
industrials,150,0.04313046727623783,0.0320248948625828,0.011105572413655028,-0.006672296546513178,2025-12-01,2026-01-02,11,0.030648943085692795,0.029648943085692794,-0.13308099242346103,1.848526906267627
real-estate,48,5.050653068839894e-05,-0.03258569498354383,0.03263620151423223,-0.24772036474164133,2025-12-01,2026-01-02,11,0.030648943085692795,0.029648943085692794,-0.13308099242346103,1.848526906267627
technology,105,0.016705818385503605,-0.01466837573450834,0.031374194120011946,-0.16010781671159027,2025-12-01,2026-01-02,11,0.030648943085692795,0.029648943085692794,-0.13308099242346103,1.848526906267627
utilities,35,0.012943646545867422,-0.018496315430233955,0.031439961976101376,-0.23221288515406163,2025-12-01,2026-01-02,11,0.030648943085692795,0.029648943085692794,-0.13308099242346103,1.848526906267627
basic-materials,38,0.0592476884949323,0.09044943986585546,-0.03120175137092316,0.15789473684210525,2026-01-02,2026-02-02,11,0.008367857839857872,0.007367857839857872,-0.017663162665787754,1.8621465897261593
communication-services,30,-0.00608001354428563,-0.09060793510743785,0.08452792156315223,-0.4006674082313682,2026-01-02,2026-02-02,11,0.008367857839857872,0.007367857839857872,-0.017663162665787754,1.8621465897261593
consumer-cyclical,98,0.022562110726673905,-0.0058769879398065765,0.02843909866648048,-0.18638945737620258,2026-01-02,2026-02-02,11,0.008367857839857872,0.007367857839857872,-0.017663162665787754,1.8621465897261593
consumer-defensive,47,0.0809716850167778,0.08724312775791118,-0.006271442741133379,0.01792321924144311,2026-01-02,2026-02-02,11,0.008367857839857872,0.007367857839857872,-0.017663162665787754,1.8621465897261593
energy,29,0.030328382339986304,0.0760759535749238,-0.0457475712349375,0.4177339901477831,2026-01-02,2026-02-02,11,0.008367857839857872,0.007367857839857872,-0.017663162665787754,1.8621465897261593
financial-services,138,0.00817058322173841,-0.054766222890638164,0.06293680611237658,-0.19380167081821686,2026-01-02,2026-02-02,11,0.008367857839857872,0.007367857839857872,-0.017663162665787754,1.8621465897261593
healthcare,76,0.0021492675054875666,-0.007628193398493874,0.00977746090398144,-0.04585099111414901,2026-01-02,2026-02-02,11,0.008367857839857872,0.007367857839857872,-0.017663162665787754,1.8621465897261593
industrials,150,0.047783055066846,0.05991214257234493,-0.012129087505498931,0.07599093293035246,2026-01-02,2026-02-02,11,0.008367857839857872,0.007367857839857872,-0.017663162665787754,1.8621465897261593
real-estate,48,0.004872160538543796,0.024367537415102947,-0.01949537687655915,0.16109422492401215,2026-01-02,2026-02-02,11,0.008367857839857872,0.007367857839857872,-0.017663162665787754,1.8621465897261593
technology,105,0.005051589200786121,-0.0036353212764235732,0.008686910477209694,-0.13351648351648351,2026-01-02,2026-02-02,11,0.008367857839857872,0.007367857839857872,-0.017663162665787754,1.8621465897261593
utilities,35,0.00940240250000112,-0.003121065744287183,0.012523468244288303,-0.06470588235294118,2026-01-02,2026-02-02,11,0.008367857839857872,0.007367857839857872,-0.017663162665787754,1.8621465897261593
basic-materials,38,0.06374884169095973,0.10782097694678514,-0.0440721352558254,0.023744392165444796,2026-02-02,2026-03-02,11,0.013646286579034172,0.012646286579034171,-0.05993056411695601,1.8856958291520076
communication-services,30,0.08901189075485295,0.0028608928818837018,0.08615099787296926,-0.17419354838709677,2026-02-02,2026-03-02,11,0.013646286579034172,0.012646286579034171,-0.05993056411695601,1.8856958291520076
consumer-cyclical,98,-0.0452225726959601,-0.059787876638308,0.014565303942347903,-0.008689886451300295,2026-02-02,2026-03-02,11,0.013646286579034172,0.012646286579034171,-0.05993056411695601,1.8856958291520076
consumer-defensive,47,0.044862857778263765,0.05796498030947159,-0.013102122531207828,0.028214616096207214,2026-02-02,2026-03-02,11,0.013646286579034172,0.012646286579034171,-0.05993056411695601,1.8856958291520076
energy,29,0.1396463977733808,0.15103137923577614,-0.011384981462395333,0.04827586206896551,2026-02-02,2026-03-02,11,0.013646286579034172,0.012646286579034171,-0.05993056411695601,1.8856958291520076
financial-services,138,-0.0487174928301277,-0.06262308919886654,0.013905596368738844,-0.04482076033872996,2026-02-02,2026-03-02,11,0.013646286579034172,0.012646286579034171,-0.05993056411695601,1.8856958291520076
healthcare,76,0.044016299398895745,-0.03599307771130212,0.08000937711019787,-0.3146138072453862,2026-02-02,2026-03-02,11,0.013646286579034172,0.012646286579034171,-0.05993056411695601,1.8856958291520076
industrials,150,0.027387159655245245,0.07143691506936983,-0.04404975541412459,0.12862260544913107,2026-02-02,2026-03-02,11,0.013646286579034172,0.012646286579034171,-0.05993056411695601,1.8856958291520076
real-estate,48,0.07709031676137798,0.06857266924672394,0.008517647514654045,-0.13341293964394269,2026-02-02,2026-03-02,11,0.013646286579034172,0.012646286579034171,-0.05993056411695601,1.8856958291520076
technology,105,-0.004150244325121756,-0.036041199359698295,0.03189095503457654,-0.0050798258345428155,2026-02-02,2026-03-02,11,0.013646286579034172,0.012646286579034171,-0.05993056411695601,1.8856958291520076
utilities,35,0.12357662928884972,0.09589836009940515,0.027678269189444563,-0.20728291316526612,2026-02-02,2026-03-02,11,0.013646286579034172,0.012646286579034171,-0.05993056411695601,1.8856958291520076
basic-materials,38,-0.03334546635985433,-0.07484805290217028,0.04150258654231595,-0.018054491738702265,2026-03-02,2026-04-02,11,0.029784082113546592,0.02878408211354659,-0.06813505814097011,1.9399738527394912
communication-services,30,0.028553993157677555,-0.0637139730975208,0.09226796625519836,-0.16840934371523916,2026-03-02,2026-04-02,11,0.029784082113546592,0.02878408211354659,-0.06813505814097011,1.9399738527394912
consumer-cyclical,98,-0.02526427715557314,-0.1144466564178777,0.08918237926230456,-0.12143526576516267,2026-03-02,2026-04-02,11,0.029784082113546592,0.02878408211354659,-0.06813505814097011,1.9399738527394912
consumer-defensive,47,-0.04203640498226828,-0.020275409267438326,-0.021760995714829954,0.08684088806660499,2026-03-02,2026-04-02,11,0.029784082113546592,0.02878408211354659,-0.06813505814097011,1.9399738527394912
energy,29,0.1092323796120269,0.01979727205301351,0.08943510755901339,-0.32758620689655166,2026-03-02,2026-04-02,11,0.029784082113546592,0.02878408211354659,-0.06813505814097011,1.9399738527394912
financial-services,138,-0.02966702990222289,-0.06650382958553339,0.036836799683310495,-0.24986700579238286,2026-03-02,2026-04-02,11,0.029784082113546592,0.02878408211354659,-0.06813505814097011,1.9399738527394912
healthcare,76,-0.06442945822557375,-0.046955435079042984,-0.017474023146530765,-0.05142857142857143,2026-03-02,2026-04-02,11,0.029784082113546592,0.02878408211354659,-0.06813505814097011,1.9399738527394912
industrials,150,-0.05445694120352136,-0.09617893014327854,0.041721988939757176,-0.2040072892128539,2026-03-02,2026-04-02,11,0.029784082113546592,0.02878408211354659,-0.06813505814097011,1.9399738527394912
real-estate,48,-0.05843040601894791,-0.05544825623877829,-0.00298214978016962,0.09878419452887537,2026-03-02,2026-04-02,11,0.029784082113546592,0.02878408211354659,-0.06813505814097011,1.9399738527394912
technology,105,-0.005900042734198067,-0.02791958997081349,0.022019547236615422,-0.1464233879328219,2026-03-02,2026-04-02,11,0.029784082113546592,0.02878408211354659,-0.06813505814097011,1.9399738527394912
utilities,35,-0.01774950310902008,0.02537480047895244,-0.04312430358797252,0.3521008403361344,2026-03-02,2026-04-02,11,0.029784082113546592,0.02878408211354659,-0.06813505814097011,1.9399738527394912
basic-materials,38,0.00489916489128776,0.031814084373598256,-0.026914919482310496,0.056570740781267094,2026-04-01,2026-05-01,11,0.0008097197909793102,-0.00019028020902068978,0.012605836337327099,1.9396047141092974
communication-services,30,0.01349409319633389,0.017297513892440625,-0.003803420696106735,-0.09454949944382647,2026-04-01,2026-05-01,11,0.0008097197909793102,-0.00019028020902068978,0.012605836337327099,1.9396047141092974
consumer-cyclical,99,0.04176819322204377,0.043201662516669695,-0.0014334692946259275,-0.05323438466295609,2026-04-01,2026-05-01,11,0.0008097197909793102,-0.00019028020902068978,0.012605836337327099,1.9396047141092974
consumer-defensive,47,-0.005194161909875148,0.02285179291670246,-0.02804595482657761,0.17807585568917672,2026-04-01,2026-05-01,11,0.0008097197909793102,-0.00019028020902068978,0.012605836337327099,1.9396047141092974
energy,29,0.006240392935938041,0.02231590757733659,-0.01607551464139855,0.12118226600985219,2026-04-01,2026-05-01,11,0.0008097197909793102,-0.00019028020902068978,0.012605836337327099,1.9396047141092974
financial-services,138,0.08013903132189684,0.07087959933150693,0.009259431990389907,-0.062072406010700534,2026-04-01,2026-05-01,11,0.0008097197909793102,-0.00019028020902068978,0.012605836337327099,1.9396047141092974
healthcare,76,0.09584886793265428,-0.0259239293309631,0.12177279726361738,-0.14099794941900207,2026-04-01,2026-05-01,11,0.0008097197909793102,-0.00019028020902068978,0.012605836337327099,1.9396047141092974
industrials,149,0.058977702176307184,0.055926951542584744,0.0030507506337224405,-0.024531108289497554,2026-04-01,2026-05-01,11,0.0008097197909793102,-0.00019028020902068978,0.012605836337327099,1.9396047141092974
real-estate,48,0.07416142852328604,0.07320980094622917,0.0009516275770568711,-0.11376465479808943,2026-04-01,2026-05-01,11,0.0008097197909793102,-0.00019028020902068978,0.012605836337327099,1.9396047141092974
technology,105,0.1234836586299995,0.14082031971496775,-0.017336661084968258,0.06190130624092888,2026-04-01,2026-05-01,11,0.0008097197909793102,-0.00019028020902068978,0.012605836337327099,1.9396047141092974
utilities,35,-0.0398176694954386,-0.00729991975741198,-0.03251774973802662,0.21008403361344538,2026-04-01,2026-05-01,11,0.0008097197909793102,-0.00019028020902068978,0.012605836337327099,1.9396047141092974
