,Ticker,Beta,Volatility,DebtToEquity,RevenueGrowth,EarningsGrowth,ProfitMargins,ROE,ROA,OperatingMargin,PE,Beta_ZScore,Volatility_ZScore,DebtToEquity_ZScore,RevenueGrowth_ZScore,EarningsGrowth_ZScore,ProfitMargins_ZScore,ROE_ZScore,ROA_ZScore,OperatingMargin_ZScore,PE_ZScore,Risk_Score,Growth_Score,Quality_Score,Industry
0,WEX,1.574,293778,272.948,0.022,5.0,0.12452,0.19598,0.03161,0.29497,22.647581,0.7593490273729627,-0.29594384461213696,0.6205554765281796,-1.2218168910874614,4.350940516078159,0.37363914554039207,-0.1623615320237691,0.1356693656149144,0.711102124397895,-0.5740198526104971,0.3613202197630018,1.16758759017703,0.22813665266301345,software-infrastructure
1,ORCL,1.013,6287596,749.978,0.069,0.198,0.20396,1.55578,0.072909996,0.30517998,47.868553,-0.29771004050850675,0.015615974986551479,2.7996885998006955,-0.8480996329779293,-0.582709009808845,0.6336285117684385,0.09468690897799675,0.4571386844134847,0.7377697796555263,-0.40594202971526633,0.8391981780929134,-0.2657267103394453,0.4298651243490026,software-infrastructure
2,VRSN,0.911,627869,,0.038,0.131,0.55686,,0.4159,0.68945,20.910152,-0.48990259830513727,-0.2785777297768941,1.2983394847246548e-16,-1.0945939947097483,-0.6515458524232618,1.7885913433630707,4.197398112136514e-17,3.1268910722974663,1.7414524919823946,-0.5855984421967764,-0.25616010936067707,0.014150498743353538,1.6227811880932872,software-infrastructure
3,TOST,1.746,6034285,2.676,0.265,,-0.01052,-0.03815,-0.008,0.02605,,1.083438438559438,0.0024488201843263593,-0.6140810609917028,0.7103808476490546,-1.1406604121346812e-16,-0.06831659483517924,-0.20662006378707504,-0.17264542738437227,0.008704484845005927,0.0,0.15726873258402055,0.2140214176046251,-0.12352033544214713,software-infrastructure
4,SQSP,0.623,2360980,,0.199,0.479,-0.00449,,0.03664,0.070989996,,-1.0325639379662124,-0.18849028459512476,1.2983394847246548e-16,0.1855864000909886,-0.29400523705285836,-0.04858175245910774,4.197398112136514e-17,0.174821685957919,0.1260841781066312,0.0,-0.40701807418711233,-0.0523335298069925,0.10030195468818341,software-infrastructure
5,BOX,0.852,1079046,892.455,0.033,1.5,0.13937001,37.83391,0.04045,0.075100005,42.78481,-0.6010728033051492,-0.2551254620024843,3.45054148118027,-1.1343511498277836,0.7549860511459402,0.4222399094928108,6.9524871435414575,0.20447781727140757,0.13681919454327082,-0.43982115442143827,0.8647810719575455,0.014291603603655797,2.4312613851187117,software-infrastructure
6,SQ,2.479,16555044,37.215,0.064,,0.04414,0.05426,0.01732,0.056799997,54.365273,2.4645869176273827,0.5493199090430935,-0.4563025587073402,-0.8878567880959647,-1.1406604121346812e-16,0.11057336938970766,-0.1891514313168786,0.024439413785583248,0.08902102994785592,-0.36264653128800883,0.8525347559877119,-0.2590944729020857,-0.025230329194479803,software-infrastructure
7,DOX,0.747,669714,22.569,0.017,-0.114,0.09854,0.14048,0.07383,0.15499,19.762352,-0.7989180833899162,-0.27640261857880516,-0.5232073314123048,-1.2615740462054965,-0.9032626649685171,0.28861241172109897,-0.17285291934219682,0.46429977612816575,0.3454855038988119,-0.5932476210277566,-0.5328426777936754,-0.6254080998176382,0.2123107868949269,software-infrastructure
8,PATH,0.87,4623821,4.505,0.101,,-0.08134,-0.058920003,-0.0421,-0.28691,,-0.567156469576332,-0.07086737149690996,-0.6057259586239996,-0.5936538402225034,-1.1406604121346812e-16,-0.30009462751733235,-0.21054630065334365,-0.4380716945208448,-0.8087221300384989,0.0,-0.4145832665657472,-0.29791615591327864,-0.48578004173756245,software-infrastructure
9,ADBE,1.299,2133610,41.788,0.106,0.233,0.25588,0.35355,0.15969,0.36834,42.224007,0.24118281762714427,-0.20030902119709595,-0.43541251872510595,-0.5538966851044682,-0.5467494651595228,0.8035510683464868,-0.13257544373972127,1.1326135384841052,0.9027387256696318,-0.4435584626946132,-0.13151290743168587,-0.0990316939725014,0.6342589401380052,software-infrastructure
10,TWLO,1.322,2648084,13.683,0.097,,-0.10655,-0.050780002,-0.0059399996,-0.00106,,0.28452035516952207,-0.1735665631130808,-0.5637996986290409,-0.6254595643169317,-1.1406604121346812e-16,-0.38260132342127307,-0.2090075636576069,-0.15661087558168488,-0.06210467776201036,0.0,-0.15094863552419988,-0.33602029591273497,-0.14257437233376738,software-infrastructure
11,MDB,1.153,1005976,89.869,0.128,,-0.12084,-0.19561,-0.06182,-0.14942001,,-0.03391633372881722,-0.2589236547434178,-0.21577245478768933,-0.3789652025851128,-1.1406604121346812e-16,-0.4293692997983978,-0.2363853583304918,-0.5915674712930219,-0.4496092175063321,0.0,-0.16953748108664146,-0.2694448341278369,-0.42585401570994863,software-infrastructure
12,S,0.652,1777981,1.232,0.331,,-0.38911,-0.17473,-0.08715,-0.39751998,,-0.9779209558475624,-0.2187946854404984,-0.6206774348675711,1.2351752952071207,-1.1406604121346812e-16,-1.3073570550602054,-0.2324383282906941,-0.7887301500779735,-1.0976265955412219,0.0,-0.6057976920518774,-0.024060586617694984,-0.7062650246366298,software-infrastructure
13,ZETA,1.294,18938751,43.389,0.42,,-0.13345,-0.38514,-0.09247,-0.029059999,,0.23176161381358415,0.673225460212003,-0.42809894907464513,1.942852656308149,-1.1406604121346812e-16,-0.47063901163293537,-0.27221297343790807,-0.830139761255863,-0.13523844693158962,0.0,0.1589627083169807,0.4907378815584045,-0.4125303938751202,software-infrastructure
14,NET,1.097,2839239,149.085,0.282,,-0.05967,-0.1122,-0.0327,-0.0716,,-0.13943381644069303,-0.16363028921964803,0.05473369163434983,0.8455551750503744,-1.1406604121346812e-16,-0.2291735604709859,-0.22061803191193224,-0.36490433642457376,-0.24634954424297417,0.0,-0.0827768046753304,0.20546053819312945,-0.2772906375264934,software-infrastructure
15,GTLB,0.447,1304266,0.047,0.308,,-0.54617,-0.48253,-0.081190005,-0.22036,,-1.364190312203536,-0.24341848281659367,-0.6260906641216598,1.052292381664158,-1.1406604121346812e-16,-1.8213793342618287,-0.290622995256677,-0.7423389704591452,-0.6348988260363989,0.0,-0.7445664863805965,-0.25636231753255695,-0.5559535972507404,software-infrastructure
16,HCP,1.243,1796957,,0.153,,-0.2369,-0.12294,-0.079169996,-0.26218998,,0.1356653349152689,-0.21780830928815198,1.2983394847246548e-16,-0.18017942699493633,-1.1406604121346812e-16,-0.8092077419487888,-0.2226482571335523,-0.7266157021760932,-0.7441554049987094,0.0,-0.027380991457627655,-0.32979572298124177,-0.5644731214361183,software-infrastructure
17,PLTR,2.697,136004555,5.552,0.3,1.0,0.18009001,0.12409,0.045819998,0.15594,306.3,2.8753514038986134,6.758328607390549,-0.6009431307513997,0.9886809334753016,0.2412782704413376,0.5555073691202788,-0.17595118669623339,0.24627660095675427,0.34796682829854136,1.3162990869008673,3.0109122935125874,0.5951555243456393,0.13943074751968743,software-infrastructure
18,FFIV,1.05,361747,6.895,0.056,0.102,0.20126,0.19117,0.0777,0.25844,25.103556,-0.22799313228816,-0.29241080283837884,-0.5948081375967658,-0.9514682362848212,-0.6813409037041288,0.6247920151821377,-0.16327078559136615,0.4944229331316305,0.6156886714272455,-0.5576527224663809,-0.3717373575744349,-0.33600570826893755,0.3156136063225033,software-infrastructure
19,AFRM,3.477,17192290,251.092,0.407,,-0.17672001,-0.16519,-0.035940003,-0.19024,,4.345059198814025,0.5824440794466635,0.5207145157034012,1.839484053001257,-1.1406604121346812e-16,-0.6122520840974522,-0.23063494387595895,-0.390123747034573,-0.5562277829628713,0.0,1.8160725979880297,0.4090773229679348,-0.3923288246244678,software-infrastructure
20,WIX,1.471,569788,,0.117,0.214,0.04443,,0.014839999,0.06565,143.11905,0.5652722288136199,-0.28159679139706867,1.2983394847246548e-16,-0.46643094384479045,-0.5662703608262978,0.11152247457860662,4.197398112136514e-17,0.005135677482805575,0.1121365335074126,0.22882716813518586,0.09455847913885046,-0.3070596100308272,0.03909073699673941,software-infrastructure
21,RBRK,,747134,,0.353,,-1.49108,,-0.66516995,-0.82114,,0.0,-0.2723783119960343,1.2983394847246548e-16,1.4101067777264757,-1.1406604121346812e-16,-4.913858589580853,4.197398112136514e-17,-5.287899582890598,-2.204088376425305,0.0,-0.09079277066534473,-1.1679172706181258,-2.4973293197719677,software-infrastructure
22,EEFT,1.455,240413,177.952,0.095,0.569,0.08464,0.26396,0.052160002,0.16574,14.770349,0.5351243766102269,-0.29871776763964364,0.1866017835143316,-0.6413624263641459,-0.20153783652602994,0.24312081818421774,-0.14951100031373818,0.2956256799992852,0.37356364842206624,-0.6265153712209871,0.14100279749497163,-0.1999264815686527,0.17322610936920443,software-infrastructure
23,ZS,0.814,1080123,97.464,0.303,,-0.026619999,-0.057729997,-0.01827,-0.04546,,-0.6726739522882078,-0.255069479334057,-0.18107753817604066,1.0125352265461227,-1.1406604121346812e-16,-0.12100829342886227,-0.21032134905231206,-0.25258465798529817,-0.1780739444441027,0.0,-0.36960698993276847,0.29717564437242006,-0.21365998382723764,software-infrastructure
24,KVYO,,860387,4.184,0.337,,-0.05232,-0.04736,-0.04733,-0.056479998,,0.0,-0.2664913991386519,-0.6071923270548539,1.282883881348763,-1.1406604121346812e-16,-0.20511865309716734,-0.20836106697991685,-0.47878076716377005,-0.2068573022571235,0.0,-0.2912279087311686,0.35925507608386514,-0.2979997121336035,software-infrastructure
25,ACIW,1.194,402606,77.836,0.244,1.207,0.14042,0.17883,0.07356,0.28375,25.8673,0.043337537542377354,-0.29028694411110634,-0.2707407143779419,0.5434007961533062,0.45395329165304316,0.4256762921041626,-0.16560346522216612,0.4621981605232728,0.6817963772768798,-0.5525629730003692,-0.1725633736488903,0.47434345997017063,0.3261303575259955,software-infrastructure
26,PANW,1.118,2217678,27.28,0.121,0.591,0.3211,0.74517995,0.032190003,0.119799994,53.135986,-0.09986476042373939,-0.1959391502877653,-0.5016868900485818,-0.4346252197503623,-0.17893469417502741,1.0170015525533498,-0.05854406552446937,0.14018397063596882,0.2535720086204689,-0.37083875649936904,-0.2658302669200288,0.13448054620932004,0.11173730457732278,software-infrastructure
27,CYBR,1.127,513825,43.508,0.256,,0.01382,0.01288,-0.01274,-0.04619,986.258,-0.08290659355933098,-0.2845057589673555,-0.42755534208625984,0.638817968436591,-1.1406604121346812e-16,0.01134278550206459,-0.19697365847429368,-0.2095404568924919,-0.17998064635126323,5.847681156560807,-0.2649892315376488,0.21672025131288516,-0.19549825390601627,software-infrastructure
28,CHKP,0.633,432953,1.244,0.065,0.046,0.33167,0.29839,0.100039996,0.34404,23.771233,-1.0137215303390918,-0.28870950117817756,-0.6206226173561373,-0.8799053570723576,-0.7388761751430443,1.0515948003004603,-0.14300255949619825,0.6683121338977223,0.8392690594449732,-0.5665316010929954,-0.6410178829578023,-0.18906224397164717,0.4548595446154991,software-infrastructure
29,DBX,0.607,3271776,,0.009,0.028,0.22712,,0.10501,0.20006001,15.248554,-1.0627117901696055,-0.14114693225255998,1.2983394847246548e-16,-1.325185494394353,-0.7573696552484099,0.7094260158198175,4.197398112136514e-17,0.7069974596857966,0.4632047833820229,-0.6233285132641402,-0.40128624080738845,-0.4577097112743152,0.3900674143559399,software-infrastructure
30,PAY,,878701,1.972,0.519,1.2,0.051909998,0.09122,0.04774,0.052199997,110.06251,0.0,-0.2655394338744196,-0.6172970216624861,2.730044327645248,0.4467613827231786,0.1360028363536199,-0.18216473446482292,0.26122143860351565,0.07700619601232382,0.008531484223831787,-0.2942788185123019,1.1042695155740156,0.05202096671700551,software-infrastructure
31,IOT,1.521,1657981,9.091,0.369,,-0.24189,-0.27858,-0.08234999,-0.19385,,0.6594842669492229,-0.22503230866359972,-0.5847765330043786,1.5373296741041889,-1.1406604121346812e-16,-0.8255388967508778,-0.25206950978652687,-0.7513680170422626,-0.5656568156818432,0.0,-0.05010819157291846,0.23726359245110362,-0.5230314475035441,software-infrastructure
32,FOUR,1.635,3754093,274.108,0.346,0.346,0.040430002,0.21954,0.03916,0.09415,55.9,0.8742877138983988,-0.11607600125175538,0.625854502633448,1.3544467605612263,-0.4306515067202827,0.09843137507038088,-0.15790789084859508,0.19443676493691933,0.18657626549929618,-0.3524187901486694,0.46135540509336376,0.34074220963710816,0.07436837986254015,software-infrastructure
33,VRNS,0.824,1835586,176.276,0.211,,-0.15309,-0.19165,-0.051799998,-0.15966,,-0.6538315446610872,-0.21580036639244216,0.1789456044174096,0.2810035723742732,-1.1406604121346812e-16,-0.5349163423569891,-0.23563678366777152,-0.5135741654994739,-0.47635525649579064,0.0,-0.23022876887870658,-0.08463758999423869,-0.40852206855434536,software-infrastructure
34,CRWD,1.102,2373151,27.398,0.317,5.333,0.0484,0.07334,0.00525,0.01417,511.8955,-0.13001261262713248,-0.18785763365972172,-0.5011478511861494,1.1238552608766217,4.693069898027424,0.12451539733698205,-0.1855446624874083,-0.06951058751462856,-0.022325129753716075,2.6864304219285753,-0.2730060324910012,1.9804801854136758,-0.09246012658525099,software-infrastructure
35,AKAM,0.678,2390442,96.999,0.041,-0.635,0.13266,0.11541,0.041890003,0.15695,25.431952,-0.9289306960170487,-0.18695884413346633,-0.1832017167441008,-1.070739701638927,-1.4385461724627129,0.4002795463598319,-0.17759200186603435,0.21568645718212084,0.3506048679235169,-0.555464222961782,-0.433030418964872,-0.7030021092472695,0.1295664410798678,software-infrastructure
36,NTNX,1.171,1695231,,0.109,,-0.05807,,0.00691,0.007900001,,0.0,-0.223096046454762,1.2983394847246548e-16,-0.530042392033647,-1.1406604121346812e-16,-0.22393711804947436,4.197398112136514e-17,-0.05658954342528708,-0.03870186818001005,0.0,-0.07436534881825395,-0.2513265033610405,-0.03176380386843236,software-infrastructure
37,INFA,1.044,2638665,77.673,0.034,,0.03889,0.028970001,0.01741,0.124239996,110.86956,-0.23929857686443243,-0.17405616455590073,-0.2714853189082511,-1.1263997188041766,-1.1406604121346812e-16,0.09339129269412304,-0.19393210113294432,0.025139952320547544,0.265168940512519,0.013909833915017229,-0.22828002010952808,-0.3443361420366846,0.032125597233374076,software-infrastructure
38,GDDY,1.114,1202994,1107.373,0.073,0.483,0.41335,,0.07535,0.22159,14.849117,-0.10740172347458767,-0.24868262097534297,4.432313974707895,-0.8162939088835013,-0.28989557480722156,1.3189151859186226,4.197398112136514e-17,0.4761310936075627,0.5194394039219504,-0.625990444824264,1.358743210085988,0.07090856740929989,0.3318568325098377,software-infrastructure
39,CFLT,0.817,2371713,119.16,0.25,,-0.38347,-0.40745997,-0.09421,-0.37435,,-0.6670212300000716,-0.18793238117801186,-0.08196747750371292,0.5911093822949486,-1.1406604121346812e-16,-1.2888985955243772,-0.27643220677494745,-0.8436835062651727,-1.0371084516304394,0.0,-0.3123070295605988,-0.23259640440980958,-0.7190747215568533,software-infrastructure
40,QLYS,0.468,412502,10.587,0.084,,0.28722,0.44092,0.13496,0.29216,31.757174,-1.3246212561865827,-0.28977254811597464,-0.5779426165789637,-0.7288281676238235,-1.1406604121346812e-16,0.9061198842778434,-0.11605954265844146,0.9401211165989154,0.7037626280155372,-0.5133116230108753,-0.7307788069605069,0.059097238884673255,0.5092747339853371,software-infrastructure
41,SNPS,1.076,894937,8.7,0.127,0.204,0.23111999,0.21819,0.0862,0.23608999,54.074303,-0.17900287245764626,-0.26469548345233396,-0.5865626702519303,-0.38691663360871986,-0.5765445164403898,0.7225170891458311,-0.15816308675634064,0.5605849058782585,0.5573122239038799,-0.36458561611502605,-0.34342034205397015,-0.08031468696775952,0.3199113476752659,software-infrastructure
42,OKTA,1.013,2040877,19.892,0.162,,-0.05546,-0.0231,-0.01603,-0.029409999,,-0.29771004050850675,-0.20512930048332806,-0.5354362045879972,-0.10861654778247272,-1.1406604121346812e-16,-0.2153951713493837,-0.20377510200072663,-0.23514903222618677,-0.13615261907885834,0.0,-0.3460918485266107,-0.10800390637728552,-0.1916922511019239,software-infrastructure
43,GEN,1.054,1894259,409.342,0.031,0.132,0.16153,0.2766,0.06242,0.41581002,29.575758,-0.22045616923731173,-0.2127505324977003,1.2436204477367652,-1.1502540118749978,-0.6505184368618526,0.49476460430298014,-0.147121610481217,0.37548705741769206,1.0267266402818898,-0.5278490346581671,0.2701379153339177,-0.43533594814462345,0.4183640290727883,software-infrastructure
44,OS,,2993014,4.333,0.207,,-0.39606,,,-1.97593,,0.0,-0.15563703496021136,-0.6065116762878842,0.2491978482798449,-1.1406604121346812e-16,-1.3301028518286462,4.197398112136514e-17,0.0,-5.220307959123805,0.0,-0.2540495704160319,-0.3603016678496005,-1.7401026530412684,software-infrastructure
45,MSFT,0.904,23983845,33.657,0.16,0.104,0.35608003,0.35604,0.14592,0.46583998,34.30363,-0.5030922836441217,0.9354704226880783,-0.47255595084746477,-0.12451940982968686,-0.6792860725813104,1.1314833731769405,-0.13210474906543504,1.0254311426345677,1.1574009144560882,-0.49634150859266424,-0.01339260393450272,0.10922596358864774,0.6835757693417402,software-infrastructure
46,CPAY,1.214,453236,253.558,0.06,0.071,0.26142,0.32836,0.06545,0.45485002,25.985033,0.08102235279661872,-0.2876551869128929,0.531979514303049,-0.919662512190393,-0.7131907861078142,0.8216822502309704,-0.13733721034424728,0.39907185476149,1.1286960135086666,-0.551778375708761,0.10844889339559162,-0.2703903493557456,0.46347688597530307,software-infrastructure
47,ALTR,1.439,1208866,31.008,0.13,,0.05096,0.04467,0.0146,-0.028469998,259.675,0.5049765244068338,-0.24837739327895922,-0.48465691649647824,-0.36306234053789865,-1.1406604121346812e-16,0.13289370521140045,-0.1909642674319006,0.003267582506662287,-0.13369741127141616,1.005580352805681,-0.07601926178953455,-0.0767228784421661,-0.10713136539888483,software-infrastructure
48,TENB,0.832,1219466,101.283,0.127,,-0.06816,-0.15989,-0.00696,-0.00759,,-0.6387576185593906,-0.24782640322758528,-0.16363186516223074,-0.38691663360871986,-1.1406604121346812e-16,-0.2569594330701313,-0.22963306364555058,-0.16455031542478485,-0.07916051810962439,0.0,-0.3500719623164022,-0.21462535555961706,-0.15778129905998658,software-infrastructure
49,FTNT,0.995,8586887,118.588,0.13,0.707,0.26790002,3.1152499,0.12324,0.31152,46.170853,-0.3316263742373238,0.1351335661387833,-0.08458044554872451,-0.36306234053789865,-0.0597544890515596,0.8428899074936224,0.38947975100195587,0.8488954318235648,0.7543294073616029,-0.41725585695115686,-0.09369108454908832,0.14002435930138804,0.6642348633957078,software-infrastructure
0,AIP,1.125,140810,277.094,0.108,,-0.65721,-2.9684799,-0.21101,-0.53823,,-0.7054412337949866,-0.302405020127496,1.2825279814938837,-0.007087310825366411,1.210965905646755e-17,-1.8155968475040543,-2.101821459506865,-2.2064625360756787,-2.1236247771318637,0.0,0.09156057585713369,-0.6075613861098069,-2.1439695909048027,semiconductors
1,AVGO,1.187,17800830,166.032,0.164,1.881,0.108830005,0.12509,0.077010006,0.31765,133.60484,-0.585856481739723,0.21266164731802428,0.5754821146467857,0.11344947180456941,3.180688366043075,0.4037466640077838,0.26462848910655257,0.44087526931264387,0.9927528653093827,2.6300485580734647,0.0674290934083623,1.2326281672851427,0.5660855412428597,semiconductors
2,CRUS,0.961,709863,7.915,0.126,0.366,0.17192,0.18028,0.111590005,0.24333,17.187075,-1.0217621908443932,-0.28580819677679337,-0.4311265483366167,0.0316566550199701,0.5367318904702464,0.5865287251673238,0.3068465015923782,0.7587175606671909,0.7221434499868685,-1.3099759277125214,-0.5795656453192678,0.3849724235525134,0.5959025040821458,semiconductors
3,ALAB,,6324663,,2.062,,-0.30686,,,-0.07867,,4.282765971801419e-16,-0.12204868096802828,0.0,4.198785425940607,1.210965905646755e-17,-0.8005754462938494,-2.1231839787858318e-17,-3.188944478980424e-17,-0.4503031556892558,0.0,-0.04068289365600928,1.1327366598822526,-0.15010105189641862,semiconductors
4,MRVL,1.436,7072327,30.791,-0.051,,-0.18297,-0.06528,-0.01174,-0.075729996,,-0.10558868719519743,-0.10024254457356284,-0.2854927469464543,-0.3493256757925055,1.210965905646755e-17,-0.44164580052267094,0.11900350202688892,-0.3748710025357099,-0.43959819385548476,0.0,-0.1637746595717382,-0.2636571587717255,-0.23182189812143525,semiconductors
5,DIOD,1.32,305951,4.762,-0.135,-0.717,0.04718,0.03609,0.015520001,0.06026,40.787876,-0.32932790071794815,-0.2975885689270658,-0.4511992610391513,-0.5301308497374093,-1.3533043227610229,0.22513649001116287,0.19654725860757652,-0.12431052160084213,0.05556021985914164,-0.5112341392564178,-0.3593719102280551,-0.5527662274957564,0.04259898562195868,semiconductors
6,MRAM,0.902,76624,8.365,-0.266,-0.087,0.028499998,0.027999999,-0.03639,-0.17489,84.28571,-1.1355605839292406,-0.3042770491012264,-0.4282617463334006,-0.8121008233895806,-0.2538372735129161,0.17101746102686308,0.19035875048602657,-0.6014416418781107,-0.800653504751854,0.960899697350514,-0.6226997931212892,-0.2983068786252112,-0.40391213204797943,semiconductors
7,AMD,1.706,38219130,3.927,0.176,1.611,0.07516,0.03262,0.01249,0.10617,122.9469,0.4151836201422402,0.8081754539786546,-0.45651506031178574,0.13927878236812705,2.7094882020796005,0.3061991382368273,0.19389285557576255,-0.15216079599346344,0.22272488963116296,2.269342916902309,0.255614671269703,1.051655374228185,0.08815231640448735,semiconductors
8,SITM,1.828,163219,0.952,0.624,,-0.53555,-0.13477999,-0.08226,-0.3879,,0.6504955516058234,-0.3017514461818953,-0.4754545846663816,1.1035730434076134,1.210965905646755e-17,-1.4631278774134775,0.06583895327557962,-1.0230560526949841,-1.576252422376299,0.0,-0.04223682641415116,-0.11985161133528803,-0.8444898405985679,semiconductors
9,SWKS,1.205,2860069,15.691,-0.159,-0.758,0.17848,0.12777,0.06361,0.18763,22.761517,-0.5511383279172272,-0.22309595529907347,-0.38162276972104126,-0.5817894708645247,-1.4248569402517728,0.6055341208914252,0.2666785755979824,0.31770902482534125,0.5193320340360608,-1.121315391456789,-0.38528568431244725,-0.46703743007495735,0.36790654481979485,semiconductors
10,AOSL,2.427,474590,39.038,0.449,,-0.0294,-0.02175,-0.00714,0.12612,,1.805838559365546,-0.2926700961432669,-0.23299047556751265,0.7268955976890641,1.210965905646755e-17,0.003271672244137034,0.1523021083597027,-0.332590071867351,0.29536560324370553,0.0,0.4267259958849221,0.2433890899777337,0.03835921324535241,semiconductors
11,NXPI,1.494,2466938,104.495,-0.054,-0.073,0.20983,0.29555,0.0979,0.30462,21.050669,0.006280919566178154,-0.23456189214623022,0.1837236238203114,-0.355783003433395,-0.2294046724185137,0.6963602117375504,0.395023169453243,0.632885788437955,0.9453088303032962,-1.179217061459284,-0.014852449586580219,0.03705751196188056,0.6577392627314981,semiconductors
12,VSH,1.1,2159581,43.681,-0.139,,0.028800001,0.04091,0.025409998,0.02754,24.548388,-0.7536608918817862,-0.24352617110548694,-0.2034320851209956,-0.5387406199252618,1.210965905646755e-17,0.1718866189130548,0.200234354461566,-0.033406548238390746,-0.06357783274248194,-1.060840811027068,-0.4002063827027562,-0.122284667004069,0.03441665782689778,semiconductors
13,QUIK,1.568,170258,114.491,-0.359,,-0.06826,-0.08554,-0.01578,-0.43553,,0.14901110750310562,-0.30154614889049086,0.2473604256517532,-1.0122779802571524,1.210965905646755e-17,-0.10931212010930544,0.10350546011779617,-0.41200468947052926,-1.7496798504146647,0.0,0.031608461421455986,-0.3738633667888193,-0.6860596932557993,semiconductors
14,TXN,0.98,7875430,84.399,-0.084,-0.206,0.31601998,0.29293,0.10236,0.3734,38.437847,-0.9851152506984253,-0.07681949149516884,0.05578793258335107,-0.4203562798422892,-0.4615143828153362,1.0040099970781629,0.39301898042057654,0.673879908172929,1.1957463381865379,-0.5907681502581508,-0.335382269870081,0.040713111473512496,0.7542150755933479,semiconductors
15,ALGM,1.688,1871310,45.248,-0.32,,-0.029560002,-0.024449999,0.030369999,0.0217,,0.38046546631974437,-0.2519337937067743,-0.1934562079231295,-0.92833272092559,1.210965905646755e-17,0.002808120212635865,0.1502367234803094,0.012183334021607161,-0.08484208173983772,0.0,-0.021641511770053152,-0.3085082002376514,0.025859325254026275,semiconductors
16,MTSI,1.695,571619,46.253,0.335,0.141,0.105349995,0.07412,0.030739998,0.13868,117.361916,0.3939669705840485,-0.28984017841522514,-0.1870581501159467,0.48151714733526624,0.1440650871673511,0.3936645043776268,0.2256385978870828,0.015584182296903261,0.3410983031421282,2.0803255988604885,-0.027643785982374446,0.3397489129600814,0.1941070277753714,semiconductors
17,SYNA,1.468,738614,69.624,0.084,,0.16143,0.118360005,-0.01454,-0.0551,18.416458,-0.04386752484409366,-0.28496965402566815,-0.03827306652224653,-0.05874593195248174,1.210965905646755e-17,0.5561374749926554,0.25948032797338455,-0.40060722120340647,-0.3644815206091742,-1.2683688832686686,-0.12237008179733612,0.16579718101339122,-0.16853613794639868,semiconductors
18,CEVA,1.199,93789,1.956,0.13,,-0.03221,-0.05799,-0.01963,-0.09645,,-0.5627110458580591,-0.3037764200336091,-0.46906289308587257,0.04026642520782266,1.210965905646755e-17,-0.0048693585462174106,0.12458004326663649,-0.4473919901386122,-0.5150425986983287,0.0,-0.44518345299251355,0.01179902222053509,-0.27928484852343477,semiconductors
19,MCHP,1.526,7989273,102.895,-0.484,-0.884,0.14220001,0.118030004,0.044099998,0.12726,45.3125,0.06800208191728192,-0.07349918185667464,0.1735376611422094,-1.2813332986275447,-1.644750350101394,0.5004250405840405,0.25922789118522843,0.13838271136848446,0.29951650116442224,-0.35810347789236446,0.0560135204009389,-0.8085528693816327,0.23237570123937837,semiconductors
20,MXL,1.854,598017,27.308,-0.402,,-0.57367,-0.35864,-0.10049,-0.47691002,,0.7006439960160952,-0.28907026253250095,-0.30766631445134746,-1.1048330097765675,1.210965905646755e-17,-1.573567768419994,-0.10540447302007294,-1.1906172192350233,-1.900350235482398,0.0,0.034635806344082254,-0.8928002593988538,-1.0654573092458313,semiconductors
21,QCOM,1.286,7808703,58.765,0.187,0.941,0.2603,0.42253,0.12069,0.2625,18.400448,-0.39490663571599594,-0.07876563048700674,-0.10740392197318957,0.1629556503847216,1.540213721133201,0.8425800779258734,0.49215749134942255,0.8423602253796717,0.7919440755483944,-1.268910723184745,-0.1936920627253974,0.8485831498145986,0.7088205974258296,semiconductors
22,SMTC,1.541,840585,,-0.097,,-1.07207,-7.74954,0.00095,0.04323,,0.0969338767693616,-0.28199559945800134,0.0,-0.44833803295280994,1.210965905646755e-17,-3.0175142972145315,-5.7591299392546995,-0.2582307829310418,-0.006448369254722961,0.0,-0.06168724089621325,-1.1552841100557805,-2.007936363813488,semiconductors
23,LSCC,1.39,2269998,3.006,-0.339,-0.868,0.25476,0.21556999,0.077659994,0.11351,49.166668,-0.1943128580749091,-0.24030578312068668,-0.4623783550783682,-0.9692291293178897,-1.6168273774220772,0.8265297894637512,0.33384184927211485,0.4468496383481362,0.2494508464189355,-0.22766362369714943,-0.298998998757988,-0.5865089057587386,0.3433807780130622,semiconductors
24,LASR,2.323,352640,5.37,0.109,,-0.24164,-0.19834,-0.109110005,-0.21021,,1.6052447817244588,-0.29622685203000887,-0.44732859522147256,-0.004934868278403269,1.210965905646755e-17,-0.6116224113661209,0.017218237642689503,-1.2698480526623943,-0.9292585175235334,0.0,0.28722977815765915,-0.2055190932148414,-0.727296110847746,semiconductors
25,RMBS,1.166,872263,2.906,0.382,-0.516,0.34025002,0.17665,0.080790006,0.34465,32.664597,-0.626360994532635,-0.28107168873245636,-0.4630149777457495,0.5826819470425337,-1.0025219784771031,1.0742083962566396,0.3040697053371953,0.47561916451403424,1.0910636055368839,-0.7861571131244619,-0.45681588700361364,0.2181227882740234,0.6235841584627044,semiconductors
26,MPWR,1.148,1202928,0.693,0.306,0.19,0.21292,0.20214,0.11712,0.26451,66.12373,-0.6610791483551309,-0.27142761587235353,-0.4771034373748993,0.41909631347333515,0.22957919099775945,0.7053124484429578,0.3235684757351604,0.8095465465783585,0.7992627639875529,0.3462285094063427,-0.46987006720079455,0.4513293176380175,0.6441259287670239,semiconductors
27,SGH,,665218,179.828,-0.017,,-0.04482,-0.13298,0.00767,0.028250001,,4.282765971801419e-16,-0.2871102990036371,0.6633105778387196,-0.2761426291957588,1.210965905646755e-17,-0.041402596363430716,0.0672158693889038,-0.19646385812856978,-0.06099262074721282,0.0,0.12540009294502766,-0.10584840851972983,-0.06341353649562627,semiconductors
28,MU,1.179,14107719,31.194,0.933,,0.03098,0.01743,0.01165,0.19703,139.3,-0.6012867723274989,0.10494951702166037,-0.28292715759690734,1.7686777904192237,1.210965905646755e-17,0.17820243349737575,0.18227314893217325,-0.1598816615937724,0.5535587361893389,2.8227946552904055,-0.2597548043009153,0.6489600746388665,0.19198340784257995,semiconductors
29,POWI,1.101,362649,,-0.077,-0.265,0.092659995,0.04871,0.00958,0.099989995,93.215385,-0.7517321055583144,-0.2959349326395177,0.0,-0.4052891820135472,-0.5644803445703177,0.3568994934418268,0.20620102410080213,-0.17890808039453385,0.2002226353289534,1.263114210316907,-0.34922234606594404,-0.204290011047346,0.07583852634507389,semiconductors
30,CRDO,2.188,1978100,3.011,0.702,,-0.12047,-0.05821,-0.043670002,-0.24200001,,1.3448586280557404,-0.2488191896793436,-0.46234652394499914,1.2714635620707382,1.210965905646755e-17,-0.26057305162688726,0.1244117525845042,-0.6683558287971354,-1.0450103477064838,0.0,0.21123097147713255,0.3369635034812837,-0.5296514746397051,semiconductors
31,SKYT,3.927,337001,102.505,0.31,,-0.047519997,-0.1666,0.0021600001,0.05019,,4.699018044573533,-0.29668297425479573,0.17105483273942204,0.42770608366118773,1.210965905646755e-17,-0.04922493042423663,0.04149799332850409,-0.24710905894477933,0.01889395489281066,0.0,1.5244633010193864,0.12616038441231703,-0.06223903690782153,semiconductors
32,ON,1.654,6324686,42.376,-0.192,-0.281,0.23795,0.2183,0.09557,0.26931,16.496279,0.3148867313216966,-0.12204801015715994,-0.21174001093032246,-0.6528200749143082,-0.5924033172496348,0.7778284629207413,0.33593019129542395,0.6114695779037645,0.8167402289168864,-1.3333551186348263,-0.0063004299219286035,-0.15579830974773387,0.5880466660386916,semiconductors
33,WOLF,1.461,12572420,1003.228,-0.014,,-0.93313,-0.78117996,-0.03336,-0.59938,,-0.0573690291083974,0.06017146244061007,5.905261621056928,-0.2696853015548694,1.210965905646755e-17,-2.6149823335092486,-0.42862964618623145,-0.5735913766769962,-2.346280398054519,0.0,1.9693546847963803,-0.961555878354706,-1.1161671403059155,semiconductors
34,INTC,1.026,59481775,47.906,-0.062,,-0.29423,-0.15597,-0.00263,-0.0104600005,,-0.8963910798187137,1.4283151651016972,-0.17653477742413265,-0.3730025438091001,1.210965905646755e-17,-0.7639842651969893,0.049629493106078414,-0.2911363767990253,-0.20194109858694165,0.0,0.11846310261961696,-0.3789956030020298,-0.14781599409329618,semiconductors
35,SLAB,1.204,217645,,-0.183,,-0.46927,-0.20243,-0.09139,-0.17854,,-0.5530671142406993,-0.300164074341864,0.0,-0.6334480919916399,1.210965905646755e-17,-1.271103848664477,0.014089560870320822,-1.1069745085650093,-0.8139436603752015,0.0,-0.2844103961941878,-0.6348506468853723,-0.6356095360232966,semiconductors
36,QRVO,1.487,1587789,57.517,-0.052,,-0.03577,-0.03908,0.034059998,0.10182,,-0.007220584698125582,-0.26020287928090285,-0.11534897286210906,-0.3514781183394687,1.210965905646755e-17,-0.015183262323321251,0.13904539235355376,0.046099984431457866,0.20688593703895442,0.0,-0.12759081228037916,-0.12222046022092997,0.13067710460798868,semiconductors
37,NVEC,1.127,27126,0.416,-0.053,-0.151,0.58876,0.24548,0.16202,0.65036005,22.40841,-0.7015836611480426,-0.30572069242129163,-0.4788668821635457,-0.3536305608864318,-0.3655291642301841,1.7941825595628191,0.3567217401152236,1.2222451959282084,2.2041962466660086,-1.1332658890986436,-0.49539041191096,0.3583409448154011,1.2610543942364802,semiconductors
38,NVDA,1.657,216059761,17.221,1.224,1.68,0.55041003,1.23767,0.55258,0.62057,65.79812,0.3206730902921128,5.995020154357165,-0.3718824429101063,2.395038571585497,2.829906021759155,1.6830764077552858,1.1157050669554371,4.81208003980521,2.095726547891406,0.33520861589767786,1.9812702672463904,2.3026736670333126,2.6745038848840177,semiconductors
39,GFS,1.527,1356727,24.599,-0.061,-0.289,0.10954001,0.066479996,0.028719999,0.10696,32.128788,0.0699308682407537,-0.2669419619270888,-0.32491242251070873,-0.37085010126213697,-0.6063648035892931,0.40580366492105985,0.21979431841138508,-0.0029826519789998168,0.22560138906744912,-0.8042909484519525,-0.1739745053990146,-0.19047041331012338,0.1474710184999448,semiconductors
40,ADI,1.078,3773865,23.07,-0.248,-0.546,0.17068,0.04658,0.0286,0.2178,63.14759,-0.79609419099817,-0.19644446450545905,-0.3346463830949699,-0.773356857544244,-1.0548775522508225,0.5829362418292314,0.20457166431470303,-0.0040856235875372845,0.6291851833939759,0.24550449642492975,-0.4423950128661997,-0.415099389321945,0.2765570747070472,semiconductors
