Sector,Ticker,Risk_Score,Momentum_Score,Quality_Score,PE,PE_ZScore,magic_score
basic-materials,CBT,-0.0378300715501783,-0.3809043258812405,0.7121545172317642,10.845474,-0.9116840997394656,0.12599191995613593
basic-materials,APD,-0.1551622775711544,0.320766553531262,0.3429090485980877,20.508266,0.4604405160770566,0.14867474414129733
basic-materials,EMN,-0.2894703232347321,-0.2140177779769819,-0.0561311573756326,10.475649,-0.9641995617347504,-0.1880087574640856
basic-materials,STLD,-0.1452935975061337,-0.784047492994476,0.2349949087773729,11.539029,-0.8131987046359976,-0.1910382898260708
basic-materials,ESI,-0.2936825499943589,-0.0377772298848492,-0.2391193669397701,15.996225,-0.1802731124139006,-0.2039255176142514
basic-materials,TGLS,0.2485538959532645,1.426243118296871,1.224407160469209,18.524054,0.1786807381372507,0.9118105972421771
basic-materials,MLM,-0.5784799751025803,-0.5378480209606481,0.4221348241204088,24.527018,1.031106690414855,-0.22179828664747903
basic-materials,X,0.4822041107216233,-0.2638782546188631,-0.9729199016747292,13.368049,-0.5534763216207433,-0.22688595725114916
basic-materials,CLF,1.1930043561901538,-0.4499961228959754,-1.3549457674368477,15.932203,-0.1893642904247496,-0.14190984033083048
basic-materials,CRH,-0.3891099379140342,0.2094679881451281,0.0774006782568931,15.382261,-0.267456518372052,-0.062177102397153246
basic-materials,RPM,-0.5108235707535523,-0.2410743673062988,0.4571220631951514,19.903345,0.3745412237478475,-0.10192223939826794
basic-materials,FMC,0.5503592284627467,-0.1753430621759567,0.3041331219833207,10.4841795,-0.962988223538169,0.2642394154003448
basic-materials,DOW,-0.0081924199216882,-0.3996368936287797,-0.7623678664218142,12.513565,-0.6748137704886652,-0.3770249161387775
basic-materials,CE,1.831376438293549,-0.6750630531798228,-0.3402251793843276,7.5530214,-1.3792151465496532,0.3870884187904315
basic-materials,BCC,-0.1083893284369488,-0.4524466145804151,0.1711444772555124,11.596098,-0.8050948584909049,-0.10724350266216735
basic-materials,FCX,-0.0183442338759223,-0.2066930976243366,0.577179658858137,17.571547,0.0434239405742328,0.13503701263226062
basic-materials,AA,0.7048729053806436,0.0382754293699867,-1.0041219793994347,9.755543,-1.0664552212374256,-0.06982724792026396
basic-materials,CF,-0.5086034030509509,0.4966126277292538,0.4803520067276534,14.704007,-0.3637691585671444,0.1113772260907642
basic-materials,KNF,-0.2518691365397247,1.1701474143024302,0.188687594855887,25.521656,1.1723461255208276,0.29431114569335043
basic-materials,PPG,-0.4529612383499999,0.026555305418189,0.1200136298708115,13.612489,-0.5187656354039447,-0.12227256302361923
basic-materials,AXTA,0.3136356546648245,-0.3769376175035596,0.1472279200081318,14.183222,-0.4377210679167411,0.064805463354917
basic-materials,OLN,1.0317431054286053,-0.5829642412765392,-0.7244149309061018,12.92207,-0.6168057158617904,-0.021996399803424858
basic-materials,NEM,0.1986924232475131,0.778838892691473,-0.3359100392840231,9.758221,-1.0660749429781855,0.17492418349894734
basic-materials,SUM,-0.1392944093889883,1.0684217109319911,-0.3062104421520844,24.17051,0.9804822536541838,0.13778994954536464
basic-materials,WLK,-0.2089753223194587,-0.6631598807554978,-0.765561413919928,14.421311,-0.4039122290578338,-0.526985967447477
basic-materials,CMC,-0.3099000319924688,-0.4883529302524197,-0.2045258026818666,10.786102,-0.920114973827437,-0.32298018277178775
basic-materials,NUE,0.2357317126782975,-1.0746488794421345,-0.170683927704384,13.741144,-0.5004965168667895,-0.267724088334967
basic-materials,NEU,-0.2906768878894377,0.0765564335492786,1.3790396217604328,20.462818,0.4539868617357824,0.38749854473512557
basic-materials,SMG,0.4204054770648704,0.014900173936087,-0.963417816991758,15.823229,-0.2048386903584323,-0.1696837730816523
basic-materials,CTVA,-0.7192999328554647,0.7181145049607284,-1.3492448343504664,17.754837,0.0694512752030864,-0.5383988319457561
basic-materials,RGLD,-0.8171881329154012,0.2007559342714153,0.8192446630650356,20.046251,0.3948339963075669,0.029834794079769012
basic-materials,RS,-0.5029624299064014,-0.5813653173682674,-0.0099157535850339,15.768054,-0.2126735869056908,-0.35448689807977346
basic-materials,ALTM,2.156996035554536,-0.2708212359005889,-0.7531975533143208,25.11259,1.1142584084206768,0.47952888420727874
basic-materials,SCCO,0.283064035943777,0.2284722848451154,2.263217350214321,18.81856,0.2205008385912048,0.9515007937804353
basic-materials,LYB,-0.1890721489019108,-0.5226556516913202,-0.2140642120160492,9.282346,-1.1336495944403808,-0.2901486254488641
basic-materials,SSD,-0.3073693038443978,-0.1502034686041132,0.5025592172742868,19.636473,0.3366451746067513,0.01578189486777358
basic-materials,VMC,-0.63949379553772,-0.1743438757881318,0.0371514889911408,28.280397,1.5640896748761577,-0.27699873660971697
basic-materials,EXP,-0.0447955843842918,-0.3897254383197504,1.3866731299566923,14.68341,-0.3666939499433816,0.3537664348782512
basic-materials,AVNT,0.031411459817585,1.3621137304067763,-0.4870970471545901,14.014846,-0.4616306019637042,0.22120727673401766
basic-materials,SHW,0.8913284071725373,-0.1592662416107833,1.594740560779332,26.636461,1.3306493760032283,0.8429916934688656
basic-materials,AU,0.3429440831617237,0.5546128861326888,0.2786475440056248,6.5216346,-1.5256729422579989,0.3794100347643432
basic-materials,BCPC,-0.946943424982656,-0.0770866410701069,0.0591660867334682,33.366425,2.286309941599489,-0.35855437564142617
basic-materials,ECL,-0.5703635843161792,0.1983400265065786,0.3554647537448693,31.275694,1.9894243757971115,-0.03772178799403585
basic-materials,MOS,-0.0092705029633857,-0.1261411806096745,-0.8298042342094702,10.530059,-0.9564732958328688,-0.3249153534840524
basic-materials,IFF,-0.3401611429647995,0.6523516482945455,-1.2041686127908582,18.017462,0.1067442467612876,-0.3633600862542994
basic-materials,UFPI,-0.5097949827235363,-0.4084239286161323,-0.0009032439545773,15.399863,-0.2649570195224852,-0.3060272266677649
basic-materials,LIN,-0.9358154755766064,-0.2276084457538786,0.3724711396039593,24.730352,1.0599802899534183,-0.2879116952499222
basic-materials,DD,-0.5536540738779578,-0.0636264094329349,-0.5174072785543176,17.334352,0.0097420504695302,-0.4053355871071512
communication-services,DIS,-0.2005291562342927,-0.2935204707149512,0.1710752377097395,18.32376,0.118163302178739,-0.1738903375671158
communication-services,NXST,-0.2958922164752083,1.3808880497969014,0.3594093906980921,8.927385,-0.098620427419247,0.4303697620849725
communication-services,FWONA,-0.638825776171807,0.4206745587683896,0.099124551512341,91.29424,1.8016649509481049,-0.126797804683713
communication-services,IPG,-0.5186881632696267,-0.644891076770122,0.3084103467107122,10.164954,-0.0700684780286735,-0.42958982903299
communication-services,IRDM,0.2665094449528423,-0.2564468492898629,0.2544451095708581,24.593222,0.2628060346083035,0.07154718181382182
communication-services,EA,-0.6839202986063865,-0.993400300653161,0.3794650252876254,17.217377,0.0926379444632573,-0.6236970941430011
communication-services,USM,0.163702002502405,0.1823705400824642,0.0174375216102399,12.38302,-0.0188954863191593,0.14659915423625117
communication-services,LBTYA,0.4659485056610173,-0.2210277410210186,-0.0900435733968356,-4.988974,-0.4196846895889135,0.12123768409627343
communication-services,VZ,-0.6237145342338958,-0.8135533449951141,0.2618065935201686,8.457872,-0.1094525599421337,-0.5485162120996481
communication-services,SIRI,0.8482735030766865,-0.7753349772136527,0.161345558658903,7.1866703,-0.1387804492182961,0.13644546456148068
communication-services,FOXA,-0.6617593114384676,0.5848486863153078,0.4046229945191236,12.790876,-0.0094858421937475,-0.0268109617625566
communication-services,EDR,-0.7976497504088266,1.1120700909529884,-0.0507574095935164,12.245905,-0.0220588659292566,0.029596247330416145
communication-services,TGNA,-0.3659302294139169,0.1382818692201589,0.3246424699879384,9.29455,-0.0901495651901593,-0.06658827069218572
communication-services,NWSA,-0.6879045015772208,0.3009547712229302,0.1357425040638389,26.228573,0.3005352109110581,-0.18788780970079524
communication-services,TIGO,-0.3763883987708045,-0.2263662826290995,0.2298706933715038,7.923107,-0.1217901210929463,-0.22158107033418808
communication-services,T,-0.6965987917098749,-0.0031226290329342,0.2109242784119709,10.388201,-0.0649179473951514,-0.2918271876049021
communication-services,PARA,0.2264187423302154,-0.4504648434588755,0.0424140568249336,6.4285364,-0.1562713533570375,-0.05354999367522659
communication-services,PINS,0.1441900241510202,0.415250408912672,0.1291362649263335,15.92077,0.0627239296136099,0.24174847331078717
communication-services,FYBR,-0.1168544318583581,-0.0725655269252193,0.0616706871662321,-42.624805,-1.287980794278169,-0.0712270262122065
communication-services,TTWO,-0.4423402542337953,0.0874342654777493,-0.3271251532168411,23.387474,0.2349882273799508,-0.22794192778338096
communication-services,WMG,-0.0177584895714691,-0.7037244588693726,0.7286097888577814,19.532234,0.1460440009420595,-0.14846836092589302
communication-services,CMCSA,-0.4042453718289541,-1.0718876429705069,0.2939989954440722,8.580953,-0.106612958689241,-0.5360871997336999
communication-services,SNAP,0.910855077006088,-0.3335636451308605,-0.5435287534465062,26.01261,0.2955527294120577,0.2130701469075649
communication-services,NYT,-0.4634956026863228,-0.3688888176970405,0.4188573556947073,25.081919,0.2740807611175527,-0.28384975840438575
communication-services,LYV,-0.3066796650802861,-0.2149276596579034,0.2387378358022572,45.140198,0.7368452347509445,-0.1833553337661063
communication-services,TKO,-0.553162536859862,0.8143090500106537,0.0418551364728643,44.610962,0.7246352331367562,0.04906870512759905
communication-services,CNK,-0.1709066660648081,0.4371668811517306,0.3325768735426741,15.969071,0.0638382817891363,0.13607412461573426
communication-services,SPOT,-0.4694458885160255,1.273972649513331,0.4139391071798422,47.978416,0.8023257507427113,0.3188200622164621
communication-services,LLYVA,-0.2286862919710527,0.5465905096671465,-0.1532323499861283,35.784946,0.5210102537195341,0.069786142714681
communication-services,ZG,0.162165900724973,-0.0135788084346446,-0.1529653501719854,38.006596,0.572265931878544,0.045620461530869065
communication-services,MTCH,-0.0565302626730421,-0.3442435552000688,0.5454877328454824,9.720076,-0.0803322565662577,-0.0639534025576996
communication-services,NFLX,-0.5070373351657476,0.4908440942572292,0.6718200925331991,37.175835,0.5530994482096235,0.054574448750600586
communication-services,RDDT,0.8215854328086382,1.6059196541699765,-1.1100410429569585,63.885925,1.1693278265042182,0.7941758429668866
communication-services,ROKU,0.5582269586392796,-0.1286255994648477,-0.2080261541780802,-86.44186,-2.298883892856087,0.17907234660286314
communication-services,CCOI,0.2560356188197158,-0.3226029599557754,-0.222064819080437,-16.22745,-0.6789675239029396,-0.035919338759605686
communication-services,DASH,-0.1371496664765623,0.2213104937597511,-0.0817375580602149,36.023594,0.5265161007617287,0.0042200046857418785
communication-services,IAC,-0.1477140010983214,-0.6691353975622037,-0.0845077788216652,19.401844,0.1430357737797463,-0.3297631072848612
communication-services,META,-0.3308620866823772,0.2759384208855881,0.9462700299811706,23.031872,0.2267841350770676,0.10255166502453139
communication-services,OMC,-0.4477417241438695,-0.8744943058771656,0.330782522860553,9.882204,-0.0765918021343878,-0.47752108770162016
communication-services,TMUS,-0.6551176348238453,-0.4519888160535867,0.2917281623828135,20.3921,0.1658819659481924,-0.4248457169122157
communication-services,MSGS,-0.675365726633191,0.126444118962377,0.2368661002289241,121.33333,2.494696674770277,-0.2298440280108456
communication-services,WBD,0.3980229616828665,0.044045848643391,-0.1229147322994744,15.498306,0.0529772643793165,0.181946777793248
communication-services,LBRDA,0.3229192821775082,-1.1616988153826715,0.0209642292505242,13.95122,0.0172844495343545,-0.2744703096193294
communication-services,GOOG,-0.3636955155119572,0.1554611603578823,0.8880624234211849,21.243464,0.1855237813467328,0.03321340953904782
communication-services,CHTR,0.3068649546086955,-0.9521953737528775,0.353553326877315,9.504067,-0.085315799331072,-0.15009993954691267
consumer-cyclical,VIK,-0.1418086878352964,-0.0561501478333211,0.2374614197500235,19.185133,-0.3311807708995201,-0.05198535792322576
consumer-cyclical,BKNG,-0.2987042271078896,0.153341921912257,0.8966409942317545,23.698202,-0.0917635886376374,0.0798908879066588
consumer-cyclical,DKS,-0.0177717799832913,1.134327013712266,-0.0685526685582885,15.434557,-0.5301478901212833,0.5804932038968711
consumer-cyclical,AZO,-0.6149150963452241,0.2325369339450689,0.3503344502820305,18.518044,-0.3665696755889669,-0.05616666206724186
consumer-cyclical,EBAY,-0.5994609824580429,-0.3061148273766199,-0.0313893719532065,11.876666,-0.7188931182609178,-0.378356418236594
consumer-cyclical,GPC,0.1510604059641744,-0.8038438308686183,-0.5774468737546053,13.573288,-0.628887745286669,-0.43602280160793305
consumer-cyclical,ABNB,0.206460535943143,-0.8645914784198284,0.1846572211037666,29.916904,0.2381369978959022,-0.3578874162819101
consumer-cyclical,PKG,-1.0079655184244196,0.0046695526910513,-0.2424310179687897,19.88781,-0.2939039317064492,-0.3862194455431298
consumer-cyclical,BBY,-0.3023210361046525,-0.2682690935689718,-0.4365778956433688,12.930022,-0.6630128457814481,-0.30035319503879604
consumer-cyclical,LOW,-0.4890000855910492,-0.5977060461145588,0.2187996136188861,19.482006,-0.3154317324625648,-0.46223188998476694
consumer-cyclical,ROST,-0.7182280980197054,0.4660820111894346,-0.0146839624122183,22.414488,-0.1598642954316462,-0.01377642490077031
consumer-cyclical,SW,-0.1227022099637389,-0.1081580846251866,-0.3087884810693613,14.561047,-0.5764873772590995,-0.13710143537217145
consumer-cyclical,F,0.6420227732443855,-0.9765942507604408,-1.0307366018529929,5.5029655,-1.0570163364725502,-0.40495205894346065
consumer-cyclical,MAR,-0.5073956864803915,-0.1809489816653522,0.9689978259468296,26.28566,0.0455004114432315,-0.16140893034740494
consumer-cyclical,YUM,-0.8933639105179393,-0.1791472739528813,1.2310088057134705,22.069347,-0.1781739392024478,-0.2672883824640549
consumer-cyclical,YUMC,0.403589055207053,0.2635516877806823,-0.476837510626319,18.831118,-0.3499611781519774,0.22592053759955186
consumer-cyclical,TJX,-1.0151603311898498,0.1749844653775953,0.170504521345438,26.255568,0.0439040383657039,-0.25057820396878644
consumer-cyclical,WSM,0.3332640425477953,1.124869290498728,0.5204873281499892,21.873272,-0.1885756689371359,0.7706233892515699
consumer-cyclical,LULU,1.1514163219754845,0.3387512590298895,0.8657126990166953,25.104412,-0.0171644996654806,0.6913536674692926
consumer-cyclical,NVR,-0.6137494374882462,-0.553380312670528,0.6208945700639756,15.508566,-0.5262217311722356,-0.4359370885385658
consumer-cyclical,ORLY,-0.5640922854192841,-0.1361559346612245,0.3467171982936487,26.38866,0.0509645356950376,-0.23182416329440408
consumer-cyclical,LVS,0.3897536317358667,-0.1734453055047015,-0.0448002803448751,18.694038,-0.3572332378843811,0.04291613569392419
consumer-cyclical,DKNG,0.8178674517264938,-0.256289866382422,-2.4285123516957188,25.718317,0.0154030071190336,-0.12981258506772228
consumer-cyclical,NKE,0.2427379752348391,-0.6369650540433462,-0.1198270619764766,28.781055,0.177880492388236,-0.2615844373524326
consumer-cyclical,ROL,-0.9445072080610686,-0.5895931331243329,0.3708753646271892,41.261616,0.839971133516822,-0.6026486857375905
consumer-cyclical,FLUT,-0.0474781891329405,0.0537264407929229,-1.0590927303731732,27.211107,0.0945951434477083,-0.11414436133878293
consumer-cyclical,EXPE,0.5025844507984002,0.8188862531206497,-0.2136669452103717,13.161119,-0.6507532077016461,0.5836998671672068
consumer-cyclical,RCL,-0.0135496946884055,0.5437106230234418,0.2910638863450114,15.94922,-0.502845146628009,0.31479154471491083
consumer-cyclical,LEN,-0.0090136950537951,-0.9497964217042982,-0.2706354060747764,8.467493,-0.8997488936774449,-0.5334234409158062
consumer-cyclical,BURL,0.3370583235300441,1.6819137758059846,-0.5029409766261128,29.56229,0.2193248138431845,0.9430019306505233
consumer-cyclical,SBUX,0.2376622520459945,-0.7537424675819776,-0.0421708598895625,24.427591,-0.0530696845220981,-0.31545448194315706
consumer-cyclical,PHM,-0.0924500956449619,-0.648294075305159,0.2373872257043809,7.907268,-0.9294686898810176,-0.34494649869288685
consumer-cyclical,DHI,0.1118652301451657,-0.8958477468254961,-0.0524131862973532,8.751352,-0.8846902446872175,-0.4361266125072541
consumer-cyclical,IP,-0.3527665853704972,-0.4019359072852682,-0.8979530206395475,18.03589,-0.3921478247589212,-0.4430913543513813
consumer-cyclical,HD,0.3659577002343854,-0.3732273398645052,2.3928979751541046,24.71083,-0.0380439263768816,0.21819033168814514
consumer-cyclical,HLT,-0.8183700073987853,-0.0236321541293063,0.7716406384995304,30.883574,0.289418599745352,-0.21331521695282973
consumer-cyclical,CCL,0.5715165576552729,0.7711336146159331,-0.1630358577483377,12.291787,-0.6968710529838891,0.5892644488517341
consumer-cyclical,ONON,-0.0853518392648028,0.1983063025841588,-0.4854968997175732,54.357426,1.5347005802939455,0.016060479869522845
consumer-cyclical,MELI,0.2042495195862449,-0.2902010932853436,-0.3018032671412797,36.29048,0.5762536114136576,-0.11499301341019288
consumer-cyclical,DRI,-0.1255752238340133,0.3785941365332166,-0.2501633330746503,17.550343,-0.4179059717306846,0.12411383025441702
consumer-cyclical,BALL,-0.4275773489880894,-0.6815063442317101,-0.5572926727089371,15.594018,-0.5216885239337372,-0.5761179791501253
consumer-cyclical,CPNG,-0.1417945389663104,-0.6076159961839525,-0.9044756758617694,43.374447,0.952056289896119,-0.47639898553530513
consumer-cyclical,MCD,-0.6376155772800917,-0.2415990061848375,0.9448969259960937,22.980536,-0.1298355905337209,-0.24257776877901593
consumer-cyclical,ULTA,0.682150032828638,0.1396587730245704,0.4408893392633115,18.663176,-0.3588704592694222,0.3690544499885045
consumer-cyclical,GM,-0.1703853432581924,0.1025268659045653,-0.76128415522086,5.045186,-1.081301424510702,-0.09718939517452775
consumer-cyclical,DECK,0.0116952930352327,1.1817832515001785,0.826358044566433,32.205833,0.3595641091537866,0.7218409080589577
consumer-cyclical,AMZN,-0.398124096780797,0.8905023374749952,-0.3958254570355177,35.544113,0.5366590286423207,0.2780328577776615
consumer-cyclical,CMG,-0.0029845940689807,0.3536838700198026,0.2815958274748586,45.664173,1.0735256818047672,0.21777478391255986
consumer-defensive,ACI,0.1685869260013562,-0.2729906679092697,-0.5722163441460871,8.618912,-0.8880354018069087,-0.2752200626281778
consumer-defensive,PEP,-0.3884412470719249,-0.4750220484098867,0.1799771443518973,17.66172,-0.2065300282726541,-0.42495936763490244
consumer-defensive,PPC,-0.2046554358733922,0.8442589874734923,-0.077745325232549,10.327645,-0.7592578449423476,0.7340178507982087
consumer-defensive,KHC,-0.4510283052925302,-0.2187448219021341,-0.2542090416442173,9.989071,-0.7847742553691739,-0.2312194635190243
consumer-defensive,DLTR,1.4487844377389951,-0.1565399852664813,-0.814100768511417,12.350787,-0.6067850572393644,-0.13419971777816328
consumer-defensive,ADM,0.3314207374218361,-0.8973590331391943,-0.8047751695699903,9.916733,-0.7902259619309763,-0.8380919987849595
consumer-defensive,KR,-0.2051281253600518,-0.0569138428752079,-0.5785256720979076,12.928829,-0.5632212959465792,-0.10018205265431862
consumer-defensive,PRMB,-0.243903272991388,1.1229258949586935,2.4168394736280317e-17,25.800554,0.4068479296916522,0.9848285600253304
consumer-defensive,BRBR,0.0121041663167873,0.8368352334789818,1.7690389183101285,26.465174,0.4569365859318748,0.8674170618907534
consumer-defensive,PM,-0.4979527787505102,0.0362040836799007,1.1757473217358676,16.878483,-0.2655581779636405,0.09392331833984478
consumer-defensive,PFGC,-0.1286857622830733,0.1309451283486618,-0.8046084785771725,15.001082,-0.4070472895071547,0.053606183696031956
consumer-defensive,GIS,-0.435071861423092,-0.1405260152638056,-0.042257072030147,13.882268,-0.4913659826592546,-0.14620869639802003
consumer-defensive,USFD,-0.4779468696483777,0.8431847720774339,-0.6542887201016765,17.64929,-0.207466807179497,0.6805446006062849
consumer-defensive,MKC,-0.4611972909837651,0.3489521870464172,-0.2307247344952895,24.361017,0.298358155176769,0.2731776461917034
consumer-defensive,KMB,-0.0325427928374832,0.1150908501525799,1.0806881313644077,17.180346,-0.2428084682970003,0.17708370684023733
consumer-defensive,TSN,-0.5532613930262403,-0.8550753993835744,-0.8088663536441411,13.672349,-0.5071863922606679,-0.8388575248933366
consumer-defensive,LW,1.6461258957111424,-0.9415094280251848,-0.0265101003907818,17.125534,-0.2469393392094603,-0.7657515023827741
consumer-defensive,MO,-0.5850706623670904,-0.2041117753000187,2.1962458058670298,9.771256,-0.8011897419012736,-0.05060393994456959
consumer-defensive,SFM,0.0944078532008031,1.1412357767080932,-0.2588937180930886,30.273285,0.7439324073089189,0.9972516162007462
consumer-defensive,HSY,-0.1639067022586461,-0.3068806851809267,0.5480119827887836,20.949566,0.0412563580304837,-0.24025405881692383
consumer-defensive,CAG,-0.3128023728797179,0.3144092337536597,-0.3355569197563053,10.730028,-0.728932510519806,0.24150916235022224
consumer-defensive,KDP,-0.5401044560133507,0.0838932424500106,-0.1530653669933863,15.724671,-0.3525144727393677,0.0403558086464519
consumer-defensive,CLX,1.3268601613310251,1.6117678574534366,1.1178579446043824,22.291582,0.1423965254838836,1.5645955918047119
consumer-defensive,INGR,-0.5150030989424029,0.0671607742865686,-0.0983433834643526,12.324685,-0.6087522175793816,0.03047422461446508
consumer-defensive,MDLZ,-0.4419458613364329,-0.8692836880261607,-0.4017175070019642,17.570541,-0.2134016746078943,-0.8178651500812741
consumer-defensive,CPB,-0.1645812688620142,-0.2593958233071001,-0.2995440415471928,12.552189,-0.5916065258318031,-0.2581691176887649
consumer-defensive,K,-0.325452863043671,0.83783614350448,-0.1858991446422526,20.641237,0.0180193424578382,0.715489668903374
consumer-defensive,COKE,0.0875722303034738,0.5278418607350046,0.1809388750088974,32.357216,0.9009865186617876,0.48440676543517724
consumer-defensive,KVUE,-0.1946975783410579,-0.9452825397712972,-0.0877271455944275,17.58041,-0.212657903808889,-0.852400456198137
consumer-defensive,BF-B,0.2990146867441974,-0.677432583573735,0.4231555361132348,20.039995,-0.0272928718227792,-0.5576636118495726
consumer-defensive,TAP,-0.1272914267228528,-1.0132185053656046,-0.3733422690838094,9.6006,-0.8140511209138392,-0.9299332857093335
consumer-defensive,EL,1.6268991013293743,0.1142928314911957,-0.7080828398534629,27.358973,0.5242971692108234,0.12099297052251412
consumer-defensive,BG,0.0841151883619835,-1.239161394267754,-0.6725103581240001,8.558749,-0.8925695473718638,-1.1422949759695025
consumer-defensive,PG,-0.8301729547312083,-0.1536270538240356,0.5035353718844162,22.620922,0.1672170214758114,-0.13615010143821102
consumer-defensive,STZ,-0.3233856544123462,-0.5503712559768147,0.5686081024981372,14.578433,-0.4388999579060501,-0.4614534635741092
consumer-defensive,HRL,-0.229120481676268,0.2643172568684255,-0.4940439458031815,17.336473,-0.2310420579680644,0.18948607693713018
consumer-defensive,ELF,1.864832649966268,-0.2916118016622873,-0.250518854974756,28.940908,0.6435186768533512,-0.19619068427943784
consumer-defensive,TGT,0.5822515123766802,-0.2534572590538624,-0.3149263776559577,14.660047,-0.4327491716065263,-0.2219542305564643
consumer-defensive,BJ,-0.0946974731534472,0.3503345783531092,-0.3734928967942117,20.8651,0.0348906325964212,0.2800236799291256
consumer-defensive,OLLI,0.1415137039014284,0.8973557407266367,-0.3072787287819759,29.068012,0.6530977875673791,0.7796885193107354
consumer-defensive,COST,-0.7024004684202335,0.3627476283877078,-0.3358651549618641,45.82945,1.9163127165099432,0.2676174238307073
consumer-defensive,CHD,-0.7517877343728746,-0.3089464857728546,-0.0299395745432987,28.073439,0.5781424369868865,-0.30820199960944406
consumer-defensive,KO,-0.6126900392010906,0.0129073840931963,0.4641549186620797,20.94054,0.0405761193809932,0.017999361201532192
consumer-defensive,SJM,-0.2651015635463461,-0.1289220966096682,-0.2485474415652341,10.449949,-0.7500404831223539,-0.14322910355492552
consumer-defensive,SYY,0.2333542247233246,0.088574515181727,-0.0316061096689068,15.479675,-0.3709784377482896,0.08628160968200538
consumer-defensive,DG,1.5833690524139712,-0.5755926422444931,-0.6118929083812089,12.700614,-0.5804205717490866,-0.48553994120342914
consumer-defensive,WMT,-0.8139585478761301,0.6357064623906042,-0.4579571671905996,32.783257,0.9330948229458004,0.4961260199280359
consumer-defensive,MNST,-0.1926558464821862,-0.1713794618537431,0.6878817764674295,28.017956,0.5739609965936149,-0.11149019571415783
energy,AM,-0.49490008231576,0.106201467508116,0.5408471122982093,12.595783,-0.2409105586476162,-0.004423287473094994
energy,EOG,-0.6883995424870926,-0.704163084279715,0.5768512202922024,11.0604315,-0.5050565050128144,-0.5267310317557508
energy,DINO,0.7625710089129033,-1.0968340950139572,-0.6869202110369264,12.175592,-0.3132013333328522,-0.5177140851939235
energy,HES,-0.2417785271499043,-0.6818044442732734,0.5337329437760888,16.714102,0.4676159707424132,-0.3937067816066613
energy,PAA,-0.7380584087164697,0.0676832077063145,-0.4442713871633657,12.351036,-0.2830174820036316,-0.2284168359753011
energy,HAL,0.4497359270870618,-0.7207916314323167,0.2136395693042683,8.740011,-0.904267805446432,-0.26488492401559194
energy,MPLX,-0.7706334576832102,0.3611332959046447,0.2597259915331654,10.951143,-0.523858788567644,0.028638729557633146
energy,HESM,1.1101391632338793,0.3735524633352232,2.1862761867807485,11.517346,-0.4264477219357918,0.8258321604234448
energy,ENLC,-0.0236873456361938,-0.3154942844369463,-0.1407399979545068,17.744059,0.6448125061810148,-0.2096977242826274
energy,EPD,-0.9347919377264564,0.1717055199225546,-0.1097637493712151,10.887944,-0.534731712236481,-0.17798716420059638
energy,AR,0.7384146212681085,0.9411765986744394,-0.7376222380707854,17.261673,0.5618215386512193,0.6573522105129571
energy,BKR,-0.3249116810202664,0.131635715213872,-0.1827119231540528,16.013866,0.3471455111121716,-0.03941661888562977
energy,PR,0.1423625613552347,1.3788393055206056,0.6281357807206746,9.56295,-0.7626871960838011,0.9291668819295513
energy,EXE,-0.2391615313638923,0.5267364095091956,-1.0845366290688665,20.667936,1.1478440642447132,0.09340467216024416
energy,LNG,-0.2046959029910433,0.0369716285384529,0.9223181694344657,18.88245,0.840664314726891,0.0884574739391382
energy,DVN,0.4744416901703744,-0.9698146366790552,0.4507901126607476,7.0024924,-1.2031951161789478,-0.3711487752832888
energy,NOV,0.3938346216773884,-0.6468379429454276,-0.270086842300359,9.8766775,-0.7087126844567976,-0.302819935618905
energy,ET,-0.7805407919060044,1.358604152168655,-0.2414507408972815,14.160968,0.0283680222256315,0.5399660517503134
energy,OVV,0.387210939931235,-0.2782182166867414,0.1837637502557843,7.2085733,-1.1677404112737246,-0.02839034748074579
energy,TRGP,0.3408534225884311,0.9166290444444356,0.2013151898580776,22.786924,1.512400382844394,0.6578444745663241
energy,CHRD,0.2309833290842574,-0.7708729437142878,0.0965253212171606,8.87338,-0.8813226487700753,-0.3715305009235994
energy,FANG,0.0353206022058496,-0.5340724457401386,0.245016938289204,10.622385,-0.5804191873005269,-0.2684733187370852
energy,CTRA,-0.4338092763731767,-0.1588779324323092,-0.0647258102420169,8.836117,-0.8877334741735129,-0.22360704640595142
energy,NFG,-0.6711107261447425,0.2122688701362995,-0.0189211403615826,6.5706553,-1.2774895168130065,-0.06778529960031653
energy,WMB,-0.4170631972960554,0.2558130308875856,0.1064870602532043,25.603662,1.996999463037311,0.0461093747572831
energy,DTM,-0.7331372480810536,0.6434651107180609,0.1928146017988216,22.70724,1.4986913360299252,0.19484157631817706
energy,VLO,0.341089644599932,-1.2112765314195242,-0.3712903286490253,13.885837,-0.0189662451192749,-0.6605662247518437
energy,MTDR,0.5115087040414577,-0.2140816658952657,0.6220556334635371,7.1238365,-1.1823187552086207,0.10321960869512527
energy,PSX,0.2627847429723413,-1.2828522220863876,-0.5257278240469444,12.222203,-0.3051822532029742,-0.7452273120573504
energy,MRO,-0.4821473630072938,0.0449949141741937,0.0389327643430885,11.775623,-0.3820130614757185,-0.10431112071714706
energy,CNX,-0.2426157765228444,1.5368972119366344,0.0959865716491135,16.00136,0.344993945685464,0.841052850958383
energy,KMI,-0.7679878792765779,0.5283142099494633,-0.1166130664093098,21.48868,1.289047039982554,0.07607427956284207
energy,VNOM,-0.2398689414016112,0.0219264810936091,0.8748588613407758,23.697756,1.6691023371654117,0.06336532972424921
energy,EQT,0.404977299067518,0.4714165472952085,-1.0218110622847736,16.446829,0.4216336145699892,0.2510521019544879
energy,SUN,0.1316578683381727,-0.1659351287854344,-0.3617984133714558,9.196109,-0.8257994951961254,-0.10855795365303461
energy,CVX,-0.7918168924371111,-0.902546648555982,-0.2607338578713305,12.66427,-0.2291278734262105,-0.784683704580189
energy,OXY,0.0787978092403369,-0.3453888204060552,-0.0664236335630611,13.818738,-0.0305101351373969,-0.18823013092594024
energy,WES,0.0292708273378985,0.3230798446287216,0.690729407276624,10.589432,-0.5860885088666777,0.28996704972126003
energy,OKE,-0.2479788299130967,0.0332970452607503,0.0012678070081502,16.55007,0.439395470176793,-0.05025910013200724
energy,TPL,1.1334560454006486,0.6338094431956222,2.1140461362031124,15.125273,0.1942696133659614,0.9744470081392467
energy,RRC,0.2445084624857213,0.4018530266010767,-0.0656467842043346,12.371446,-0.2795060914423733,0.29439915879093165
energy,XOM,-0.7838752105644241,-0.8107024571959968,-0.1045695239945692,13.107296,-0.1529085047445841,-0.7077875120681064
energy,CQP,-0.3872234637392348,-0.064760893815975,0.5705850607040025,12.105467,-0.3252658244209576,-0.06979446514175344
energy,COP,-0.2038533341497367,-1.0267314233373197,0.2507558054801009,11.819699,-0.3744301094728758,-0.6224246674237279
energy,APA,1.0941429924811352,-0.2119717569548184,0.0805173782319927,6.6511884,-1.2636343885813128,0.19543801708101427
energy,MPC,0.7174983306184894,-1.1197256165584613,-0.2753450739905803,14.097745,0.0174909695331067,-0.4881820960252612
energy,FTI,0.0679660066139651,1.5172368735476056,-0.1021711226580867,14.291781,0.0508734378792266,0.8903115568681941
energy,SLB,0.1963681638949602,-0.8483616203518478,0.0824394461873728,10.774748,-0.5542062524604978,-0.42838031842077384
financial-services,NU,1.085165034791987,-0.4646135853620345,0.497867403290464,16.711294,-0.2223086400282434,0.23082305808578682
financial-services,BAC,0.0212504538446021,-0.5889789338599885,-0.4032515134716534,11.916866,-0.7578118565929965,-0.44161383126725723
financial-services,PRU,0.1382217855797175,-0.5278776985365911,-0.9321439879465964,8.04295,-1.1905004857061383,-0.7642425384993097
financial-services,CB,-0.7122511357048152,-0.4022243861800338,-0.3804480170714717,11.732309,-0.7784255496424158,-0.40109387140990577
financial-services,TFC,-0.106342793450505,-0.5119666974824523,-0.5549192724368588,11.020194,-0.8579636870519274,-0.5229094297930084
financial-services,AON,0.4744016348055846,-0.8721650576595877,0.623562537950548,20.614378,0.2136378454591647,0.16363062769220857
financial-services,RY,-0.6564193508224908,-0.077752485319039,-0.1060126578004927,8.493672,-1.1401580713917514,-0.12073467784359902
financial-services,ALL,-0.5813582965159868,0.089514756851768,-0.4739679432841386,10.096603,-0.9611221767174845,-0.3076213357717461
financial-services,ACGL,-0.023196785510571,-0.5665943818699127,0.0453318690607072,10.274971,-0.9411997505735894,-0.14315126778462603
financial-services,WFC,0.1782011963984696,-0.2738121800190546,-0.3400145640638274,12.819413,-0.65700383077618,-0.2980065256507303
financial-services,AFL,-0.4121288259255877,-0.5611786710094276,-0.7285790027248603,14.7118435,-0.4456329185682493,-0.6644184921192366
financial-services,MMC,-0.5523380877475165,-0.601266752257164,0.2285186296389057,22.487862,0.4228925695227237,-0.05618117133459874
financial-services,MSCI,0.555612022032716,-0.0218672203424241,1.540489032266267,35.19661,1.8423685596743904,1.0249834987505564
financial-services,PNC,-0.1873277172134231,-0.7467676980459986,-0.260620687697118,12.798052,-0.6593897012510395,-0.40495613829281724
financial-services,BLK,-0.6225026537683164,-0.1074777089780117,0.0745903310022144,21.17176,0.2758934166879527,-0.010126989806077189
financial-services,IBKR,0.0411498143681566,0.6862418839830627,0.6112901759000459,25.344585,0.741968036989231,0.609893508400582
financial-services,OWL,0.2463747557781211,0.7876453156238455,-0.060199759452045,24.785814,0.6795573244239147,0.20990596664009253
financial-services,MS,0.9080317354032263,-0.2037415669234822,-0.3017995532428745,15.661164,-0.3396006283136331,-0.2208619508183286
financial-services,MET,-0.1115795853755379,1.308509146220241,-0.6752278155844323,8.421476,-1.14822184672076,-0.0497532571338715
financial-services,TD,0.0156119270133793,-0.75415180477848,-0.9607146172802196,6.326655,-1.382198326006171,-0.8567517059417363
financial-services,AIG,-0.5333203913347527,-1.004462617607433,-0.8116263684043973,10.968828,-0.8637009007971468,-0.8583315017016625
financial-services,SPGI,-0.6965629651843351,-0.0120939871189234,0.1693030369439759,29.557886,1.212563536151069,0.07764690965399844
financial-services,USB,-0.0406705137860081,-0.3161258999507185,-0.2827494360239284,10.998184,-0.8604220461714283,-0.28262720040198774
financial-services,HOOD,1.824572463033683,2.366355595551745,-0.4580205662538765,28.682278,1.114764403397416,0.49514448100610453
financial-services,GS,1.4091844549184194,0.3126707506126363,-0.3360243238361045,13.4032135,-0.5917975026006164,-0.06543458026118133
financial-services,BK,-0.5536320052036791,0.1740395919667926,-0.3371019077685548,11.639657,-0.7887741134379631,-0.19124786297618776
financial-services,APO,0.4008060083867948,0.6804804316368623,0.1231060720872814,19.327087,0.069856674659466,0.30389680808029707
financial-services,NDAQ,-0.5770916395151385,-0.1282403722494591,-0.2142694304030973,24.542078,0.6523337615729081,-0.2035330912384344
financial-services,PGR,-0.5837742687897888,0.4179479113528216,0.0630923300851845,16.806173,-0.2117113363072472,0.14333705001750993
financial-services,COF,0.0839207720815152,-0.2030998773185478,-0.4199105680942201,11.418919,-0.8134289646565172,-0.33283525029755545
financial-services,HIG,-0.4879242582486756,-0.347428274518634,-0.4153581501118197,9.423699,-1.036280726692432,-0.39782751804635785
financial-services,BX,-0.0304851781836636,0.1311963471265393,0.8491075643423448,29.580854,1.215128896998715,0.5941581959050997
financial-services,ARES,0.3953595751043666,1.1909851768030626,-0.1833590992614639,31.654387,1.4467276593856282,0.2579385266510707
financial-services,MCO,-0.1089454499399177,0.2484815627937881,1.2043028988184492,35.524952,1.8790420058359147,0.858849013206274
financial-services,DFS,0.3335282838763572,0.4355115349923759,-0.0785252603689726,13.579168,-0.5721446470943824,0.09480790944202781
financial-services,V,-0.5294297589739578,0.284256059673136,1.9525213346485533,24.945045,0.6973422849399186,1.3415413252321604
financial-services,KKR,0.0576568374584564,0.0854532571772691,-0.4359742981993545,24.206154,0.614813460398024,-0.25694739752043033
financial-services,AJG,-0.5113551962725328,-0.2252857930499585,-0.4700965368344041,25.031881,0.7070412432543652,-0.3975971299989891
financial-services,ICE,-0.5423936882606041,-0.3901918021128156,0.0528402227244642,22.12436,0.382292003568303,-0.10671085847645898
financial-services,AXP,0.0303472275075832,0.6157780590540393,-0.061073503253765,19.606937,0.1011139122602072,0.14806874845597875
financial-services,CME,-0.7033308537384931,0.5737287327791394,0.4323128650085128,22.292852,0.4011113513539886,0.427141686515572
financial-services,TRV,-0.4356673674729636,0.7644825522308981,-0.4610690281384304,11.352304,-0.8208693823187412,-0.08831262179264915
financial-services,JPM,-0.2655536572307168,-0.0960805361241435,0.009695246741373,14.094553,-0.5145798395158296,-0.03403236647970063
financial-services,PYPL,0.1400792350971984,0.1857263409167781,-0.2337774422394202,17.465275,-0.1380943707288173,-0.09073040164593828
financial-services,AMP,-0.387922567823965,-0.6855975329614944,0.3667293527912166,13.775265,-0.550242018822835,0.015646825261493618
financial-services,SCHW,0.4217300729810622,-0.7576148396058326,-0.1689917793058063,18.987879,0.031969574241127,-0.3225087569225435
financial-services,BRK-B,-0.9262414560070896,-0.3691899591319811,0.3417454364400824,22.41824,0.4151162915300892,0.07247521029077872
financial-services,C,0.0843204555550669,0.2095183895927051,-0.6108693724454225,9.671613,-1.008590511210745,-0.33264499160385586
healthcare,BIIB,0.4530629859955198,-0.6121166972908927,-0.1265416038802614,9.240381,-0.2762764424545013,-0.16813466309782682
healthcare,MRK,-0.2821377345673191,-0.0222020506902164,0.4138498850118663,10.46278,-0.2574666267550126,0.20399842223699619
healthcare,LH,-0.5725291494848666,-0.1746451084927896,-0.5310705134939498,14.344434,-0.1977371960624294,-0.4460895507072533
healthcare,ELV,0.0408084126266639,-0.7070223387685042,-0.4912629645945405,10.471171,-0.2573375092053956,-0.47081498548380535
healthcare,WAT,0.0837292397247509,0.4374138999875537,0.5741660134650554,28.772259,0.0242727443862088,0.46975975964908767
healthcare,COR,-0.7680414060744273,-0.7526729503085091,-0.3785588911028797,13.751846,-0.2068557171555656,-0.5291578048178329
healthcare,SYK,-0.8530857664655148,-0.2290488506381788,0.0506456656633596,26.665411,-0.0081466396175708,-0.14880588406408057
healthcare,WST,0.573382145848136,0.1590790908718568,0.2558155831236093,43.68486,0.253742235452555,0.27618742873963925
healthcare,PODD,0.2192635076286671,0.5298494903361184,-0.0019812199405159,66.412285,0.6034632967213808,0.1649661760974733
healthcare,TMO,-0.5566929962789355,0.0716912321236193,-0.2127551054141115,22.191452,-0.0769902367058117,-0.18901551323399046
healthcare,CNC,0.1382384117195919,0.1810927703392085,-0.6890475639329069,8.272204,-0.2911743857074685,-0.349919831990417
healthcare,REGN,0.1945718956251223,-0.4283241782303657,0.3786818424195088,15.670841,-0.177326944407682,0.1468526125458862
healthcare,ILMN,0.5177137871351214,0.1067686853024487,-0.2952311096444625,30.140907,0.0453329846493911,-0.07747531828705637
healthcare,A,-0.3580130016190397,0.7951560104639229,0.1817095775367133,21.946247,-0.0807633589503432,0.26155497382285303
healthcare,BSX,-1.0821547238337024,0.7464284597618756,-0.2321778251987127,31.895216,0.0723276312172911,-0.10324092444677609
healthcare,GEHC,-0.2015264758229852,-0.1664001830047131,-0.1849030675282499,16.756401,-0.1606227557338227,-0.1825435640217837
healthcare,COO,-0.4310358481930755,-0.3743997852989867,-0.2828534382934691,20.720821,-0.0996197529864653,-0.3272031372984121
healthcare,ABT,-0.7440304851169142,-0.1374436345915354,-0.0725991636027882,21.94321,-0.0808100911632126,-0.1843403049206483
healthcare,HUM,1.214595007686073,-0.8229353221534498,-0.6710529456614571,14.627727,-0.1933779900102687,-0.4423801889591229
healthcare,CI,-0.1698535932511391,-0.7828475547038316,-0.7485878002874088,8.755812,-0.2837328078341241,-0.6752550284138572
healthcare,ZBH,-0.4028080903678017,-0.395020777614387,-0.2269958908893529,12.343053,-0.2285336935681198,-0.29475947829269705
healthcare,GILD,-0.139516685102599,0.3102794236307509,0.8667777370868787,12.201904,-0.2307056412514598,0.5822196525803701
healthcare,IQV,0.0715783706079376,-0.0032880472001479,-0.2508507488614096,16.466177,-0.1650886134051464,-0.14202066727280346
healthcare,ICLR,0.9344105043952512,0.2213443439962286,-0.3502673984961739,13.957962,-0.2036840817298856,-0.02238097915743321
healthcare,ISRG,-0.5663026170970855,0.7000168515367412,0.2769789633905383,66.52791,0.6052424906999864,0.2652398490902101
healthcare,DXCM,1.9051062925448596,-0.2181074394912216,-0.1571962909941755,38.400578,0.1724296930469041,0.11971700256857672
healthcare,HCA,1.236369500744188,-0.7576974604714048,2.471023300539217,12.192749,-0.2308465149455063,1.4728805269562206
healthcare,NTRA,0.2478544630943254,2.064543971105474,-1.9546959069067773,-115.84594,-2.2010576673549465,-0.6177834244274086
healthcare,BMY,0.0114178934970204,0.0108148080967888,-0.1985784626228008,7.9882607,-0.2955435983312556,-0.11542183454393946
healthcare,VEEV,0.0805130518948136,0.2624970052680328,0.0719485134470748,30.172525,0.0458195105323364,0.12173759045065752
healthcare,BDX,-0.9091079620421464,0.8964576576109898,-0.3957280608506253,14.505355,-0.195261004285295,-0.1391230528304189
healthcare,DHR,-0.4865976253635931,-0.0936978345095993,-0.2167279594110069,27.439032,0.0037575491385179,-0.22363347071766795
healthcare,ZTS,-0.1138742865253854,-0.5871314582308081,1.045409263340212,25.41108,-0.0274478129138147,0.46485225065296676
healthcare,STE,-0.5952238415294766,-0.3884787814227235,-0.1980637135418549,20.685284,-0.1001665829662941,-0.30292281042955266
healthcare,JNJ,-0.9189446977252704,-0.863329470623626,0.216037988094245,13.615702,-0.2089506497827939,-0.2200582242390535
healthcare,VRTX,-0.2798756408239912,-0.5599817432954193,0.8355811501234887,21.528107,-0.0871975398819247,0.3216492652178232
healthcare,IDXX,0.0277163953444902,-0.2932517463814757,1.570853261593496,34.765263,0.1164908341640133,0.8768343442060746
healthcare,CVS,0.8531792714091034,-1.1722225614032438,-0.8091492364966545,6.633477,-0.3163904999645777,-0.6659806261069291
healthcare,PFE,-0.4286437900151682,0.2953056061588544,0.0742655026824504,9.043558,-0.2793050806940781,0.059298958440634174
healthcare,CAH,-0.454253087015622,0.1889695039713561,-0.6914184487013921,13.61643,-0.208939447592814,-0.4333592865793811
healthcare,UNH,-0.1990748552252287,-0.5317594454638153,-0.3094824147841161,16.924421,-0.1580373272167607,-0.35048912318191283
healthcare,MCK,-0.107632502860267,-0.3970988604802762,-0.6498377122002771,15.536117,-0.1794000266094,-0.5085232114262059
healthcare,ABBV,-0.1693556210422693,0.4959369884623324,0.3582322365202928,14.595159,-0.1938791341356328,0.31852235881392055
healthcare,MTD,0.156057142380495,0.3285351118445716,1.1596303312558307,28.91098,0.0264073309194511,0.8054579143752263
healthcare,MDT,-0.842448301769788,-0.6880169199389301,-0.2540190059783988,13.679721,-0.2079655495076255,-0.44809476148221933
healthcare,RMD,0.034635974762597,0.4018794896295203,0.7259250134035954,22.210243,-0.0767010878707676,0.5452924852191918
healthcare,LLY,0.0235014085110244,0.5056869140127134,1.067258913103881,34.1059,0.1063448045050706,0.7760950666193083
healthcare,AMGN,-0.0474492564270378,-0.4132358542551437,0.0276911280496298,12.611056,-0.2244097642807839,-0.09536506152431663
industrials,UNP,-0.3702257152258366,-0.2000714157230232,0.7232936402077623,18.753643,-0.2985146793963045,-0.16576051257429605
industrials,UAL,1.7785976210469223,1.3807515006029272,-0.5701071486859246,7.8348975,-0.6151888447562289,1.3211957355925095
industrials,EMR,-0.2422143647197036,0.230675618468355,-0.5434550484134101,19.027658,-0.2905674778225432,-0.005715406130549416
industrials,OTIS,-0.5434802658429594,-0.2460292117028452,0.3755102579625078,21.956425,-0.2056250414173087,-0.28463203482199273
industrials,JCI,-0.5088690877829934,0.0190970515404945,-0.6700949454924094,19.18622,-0.2859687362356273,-0.2274356407910828
industrials,PH,-0.417368888528997,-0.2892496098854394,-0.0122806675350195,21.5052,-0.2187118287469092,-0.304957399490916
industrials,DAL,0.9879826158000464,0.2796335572232244,-0.4351984867097151,8.163089,-0.6056703731203875,0.44756852300056055
industrials,EFX,0.2122744056114647,0.1066487719616123,-0.4413826211880721,28.10541,-0.0272872742547996,0.08784861009200125
industrials,HWM,-0.1193724162666663,1.1065250703802103,0.0979822811396851,34.188168,0.1491297246336168,0.5928607676035548
industrials,MMM,0.5928432276924833,0.4076707255224861,0.8071019045751111,16.287704,-0.3700338090118346,0.5097999422225028
industrials,IR,-0.3514936015924858,-0.6037085172347944,-0.3638578054917794,25.585835,-0.1003619979203279,-0.49481446733498813
industrials,GWW,-0.4402919513260263,-0.550344990281083,0.8473901607514162,25.018955,-0.1168031038018813,-0.37440662567322064
industrials,WM,-0.4356759468433095,-0.4679465366652398,0.0320284499769197,24.998358,-0.1174004744232515,-0.40740617595938816
industrials,CMI,-0.507893423373779,0.2282222953773846,-0.4098213351492903,15.725172,-0.3863488107295914,-0.08344025678524851
industrials,HEI-A,-0.4819775364102017,-0.1659597054145747,-0.083660810525537,43.174015,0.4097444260914886,-0.2643802266306876
industrials,ETN,0.0200115456127871,-0.0099933947901482,-0.1573973719194857,27.476206,-0.0455359504915637,-0.014512134559193495
industrials,WCN,-0.8320846241431443,-0.262948385318162,-0.3535298928546324,31.770369,0.079006789692688,-0.46391650559809505
industrials,FDX,0.2104787135049994,-0.178678422499943,-0.7127648432453539,12.374508,-0.4835274404175483,-0.10045730722610519
industrials,FERG,0.2464871143298078,-0.5883936244723689,-0.1021596201929146,16.137972,-0.3743764558962841,-0.2584943091626155
industrials,ITW,-0.4151650467184118,-0.4221721474915598,1.4879387817273544,23.569962,-0.1588279544486312,-0.23010464126109006
industrials,PWR,0.0154599706024297,0.3959134855482477,-0.7946790446436776,30.906782,0.0539603507551122,0.1493404587321013
industrials,CARR,0.0852185452406831,-0.1591951435792562,-0.6231259792293689,22.483458,-0.1903396100101808,-0.12282902825109675
industrials,DE,0.1823690420462148,0.1484748403918667,-0.0001935000121474,18.631048,-0.3020702773633328,0.14514239306498256
industrials,VRT,2.2311757437503856,1.522439678797759,0.0694371176341255,31.792715,0.079654886206993,1.6171932699520986
industrials,NOC,-0.5318779431279849,-0.3603586100443975,-0.6055753785795034,16.742037,-0.3568568809874137,-0.44256664716807737
industrials,WAB,-0.6987992648475894,0.3412275324672629,-0.4554908186122857,21.97126,-0.2051947849154867,-0.08870434496806925
industrials,CTAS,-0.2117425902898728,-0.3934396411373351,0.6493876159672144,38.398163,0.2712313573527287,-0.22858338350376983
industrials,URI,0.5929093210382242,-0.4269569701310389,0.3442203907236689,14.965068,-0.4083939531671306,-0.006361934005136707
industrials,CPRT,-0.5256330018440076,0.1969794827804876,0.642785576012299,32.436005,0.0983120958502058,-0.0024850919208046474
industrials,LMT,0.115451704051283,-0.598058710933347,0.3634116118259444,17.460918,-0.3360073208737442,-0.26189967442215395
industrials,AME,-0.4181713911762757,-0.3583466282132038,0.0112203245905937,24.587893,-0.129305107724253,-0.3418219662365247
industrials,RSG,-0.9726139996735622,-0.0695373145629969,-0.2025084432414625,29.41886,0.0108064502020981,-0.38735485255824753
industrials,ROK,0.2827322897761226,-0.1635246567096318,-0.224152703184571,24.995386,-0.1174866707376037,-0.019021699794639843
industrials,RTX,-0.8401319825278803,0.212785335393971,-0.7708576592524133,19.055084,-0.2897720470966268,-0.2400591165298814
industrials,GD,-0.5421217270280073,-0.6751102102698154,-0.5981601871023701,16.493845,-0.3640551433197494,-0.6226103123853194
industrials,AXON,0.4735953816540958,1.2025328505753552,-0.9651415057919356,94.927475,1.9107395495686528,0.741375221827571
industrials,PCAR,0.3047723446125979,-0.3060242082321802,-0.1679435768152381,13.099353,-0.4625049076192232,-0.08628648731134982
industrials,UPS,0.2794273767754137,-0.3745193600759617,-0.3217028933016302,14.378383,-0.4254094594543856,-0.148694976800617
industrials,NSC,0.1662167727501718,-0.0571514356773746,0.6270562454084019,17.377024,-0.3384404815723525,0.08614412172118124
industrials,FAST,-0.2247257277440232,-0.7963563813793685,0.9148475731838064,32.890137,0.111483194312317,-0.4335936501329889
industrials,CAT,0.0558593219736532,-0.1539042844387248,0.3144812564319649,16.369024,-0.3676753015141493,-0.03663213886294869
industrials,CSX,-0.1886614302320115,-0.5015257281229017,0.4866230551675459,15.856871,-0.3825291712935649,-0.29785665779690007
industrials,HON,-0.5622969375258674,-0.0396339897825996,0.0152034515380704,20.496511,-0.2479666316162256,-0.21048409791681355
industrials,LHX,-0.2743381952499435,-0.8762708645691517,-0.8111713292499032,14.751066,-0.4146006098508453,-0.6667711352501463
industrials,TDG,-0.354272948750018,0.2113455794238624,0.7970072363752707,29.018606,-0.0008020355330049,0.07872555291536658
industrials,ODFL,0.3718745674125371,-0.961162178251214,0.9914339124467424,30.297356,0.0362852918485155,-0.31760006605441826
industrials,TT,-0.5241764496063254,-0.1053047634659779,0.1838417004274266,29.149124,0.0029833515991016,-0.21787509724511406
real-estate,NLY,0.483438705940176,-0.1902474134485007,-0.4628658938527457,6.6679053,-0.6297017108937321,-0.338536379548946
real-estate,SPG,0.8451370327480654,0.1464935290548266,2.479472464149109,26.529192,-0.2144107739621599,2.2470917823981433
real-estate,ADC,-0.6453230109390228,-0.2670368343453573,-0.1096965967313993,37.99277,0.0252876967420648,-0.1800982234940867
real-estate,SBAC,0.804317136963426,-0.2358478691137127,1.4550488817193,21.41411,-0.3213649319856589,1.3552991842443365
real-estate,REXR,0.783594438738303,-0.801721266949705,-0.3372399208596453,28.566572,-0.1718100370680267,-0.1974449815251142
real-estate,DOC,0.2069611955409095,0.0088309926485148,-0.7509304618820614,54.783783,0.3763805350927749,-0.6204917048722676
real-estate,AVB,-0.7511163423601017,0.5042769803396431,-0.1120777662421275,39.534153,0.0575173503344677,-0.1884483773508172
real-estate,OHI,-0.6025373326126381,-0.0837880304714467,0.5987946074514346,22.704504,-0.2943833501090488,0.4377682669139007
real-estate,NNN,-0.2582643223918501,-0.2856380235601567,0.5555278296215304,20.258875,-0.3455203974785439,0.4428561121942309
real-estate,LAMR,0.0612248354765529,0.239796146832755,1.4186656730388734,20.641945,-0.3375105690312068,1.23285023986725
real-estate,WY,0.2195136450893517,-0.9971954990204278,-0.6827799401817142,32.32177,-0.0932904668438294,-0.5696781586528658
real-estate,REG,-0.5423517516782641,0.564416941544483,-0.1599002852394095,35.821228,-0.0201183096958897,-0.20223663651690507
real-estate,IRM,0.5237528929404657,0.6938677897413695,1.0231665221466288,53.5606,0.3508043062319947,0.9557934619495618
real-estate,ELS,-0.1504960504775971,-0.5520856979401043,0.7860460755311395,34.79442,-0.0415884220209301,0.6528705508256067
real-estate,UDR,-0.503065940510956,0.090044455362627,-0.7709633191367109,86.82,1.0462440124511254,-0.7283344438840064
real-estate,PSA,0.156004559587629,-0.7292407386525007,1.1613782197745448,28.133707,-0.1808610574842863,1.014109263633843
real-estate,HST,0.2681876980779903,0.0749982096588526,-0.2966963408205205,19.006498,-0.3717070602853172,-0.2204983719895935
real-estate,INVH,-0.3264994128200901,-0.5404543817784152,-0.4634319645045857,43.390335,0.138148452435152,-0.4465454295518182
real-estate,BRX,-0.3972097889720616,0.341413728265186,0.1066835408419084,29.021463,-0.1622984624935687,0.04408163267603332
real-estate,VICI,-0.4332350336661528,-0.5942998959952079,1.4306025113833012,10.641166,-0.5466225436826575,1.1716165409767239
real-estate,GLPI,-0.3717519011620142,0.0589480700474521,1.2523516724948305,15.991127,-0.4347571670936688,1.0320915021777275
real-estate,SUI,0.095902435130656,0.4214667189512266,-0.5999345119977886,61.95649,0.5263587442269116,-0.500729290784368
real-estate,O,-0.3042582112075857,-0.5667772393667772,-0.2129781047921004,36.289635,-0.0103241213921024,-0.2280758773817216
real-estate,CPT,-0.532397612592825,0.361953457287361,-0.5285462972619219,64.93746,0.5886895409655192,-0.520599077692665
real-estate,ESS,-0.4238940818069098,0.0179477692067161,-0.170278143304199,46.755657,0.2085158836880542,-0.20112203289425337
real-estate,AGNC,0.5419028829970521,-0.0854720331810415,0.6334503983302143,5.353344,-0.6571886205878048,0.6148565403258229
real-estate,CSGP,0.821862162327306,-0.1373122724426954,-1.2671357166658146,63.248188,0.5533675921809889,-0.9876683275616657
real-estate,BXP,0.8053115891202426,0.1281919492132348,-0.3302941043142185,40.032303,0.0679334519374147,-0.17984826591660497
real-estate,KIM,-0.235697656151022,-0.165094494542977,-0.379259637625169,31.617727,-0.1080117022565439,-0.358759498937765
real-estate,CBRE,0.0209500921969035,1.0672951641708892,-0.2595844349159497,21.46854,-0.3202268241662303,-0.21091288846280087
real-estate,JLL,0.2230848410416282,1.1557436970787924,-0.5844985004924167,15.424934,-0.4465960184735291,-0.46410154870948533
real-estate,MAA,-0.6290417274701885,0.2091580048458796,-0.0334019150100674,27.833752,-0.187132987136624,-0.10773304415542957
real-estate,EGP,-0.3130640761813069,-0.5561188486525309,0.0972587180348039,33.715042,-0.0641577503677854,0.038274908847026945
real-estate,AMT,1.205167201971322,-0.4628336807001841,0.5943907467636148,26.770376,-0.2093677205665859,0.66294553002728
real-estate,EQR,-0.6241805594328653,0.1860308562784821,-0.2129190684983786,43.353752,0.1373835176867015,-0.26204667525948866
real-estate,CUBE,0.2951804264425717,-0.9499995730912272,0.6128214575363893,24.238342,-0.2623114592118065,0.5571391232906406
real-estate,AMH,-0.5526178317346176,0.364341925596257,-0.5611157864938302,63.791336,0.5647245825522377,-0.5512483657122637
real-estate,CCI,1.1993200586512929,-1.55969054538478,0.3888401683516666,34.090057,-0.0563163484955997,0.4746370339712491
real-estate,LINE,-0.1620112445858167,-0.5349578551312735,-0.590055185456757,115.70754,1.6502700120480334,-0.5344637094042551
real-estate,WPC,-0.0148434827178079,-0.1772353897569914,0.1022260069085901,20.650913,-0.3373230520199146,0.0845151402810305
real-estate,EQIX,0.5482031566027595,0.9266347957478902,-0.4725494720799334,72.76195,0.7522962514568247,-0.3279611896031283
real-estate,ARE,0.4562041695886692,1.430545149914907,-0.6580753172956313,37.693783,0.0190360075521414,-0.49491808336768517
real-estate,WELL,-0.6967479845065768,0.7206855765935294,-0.7017668467874589,65.98429,0.6105783046732641,-0.6876350846851306
real-estate,VTR,-0.1004877436938924,-0.1033228192865469,-0.8395210328478712,128.02173,1.907754412726535,-0.7374624453589292
real-estate,FRT,-0.8124744174252614,0.1879474778785853,-0.0378818644592937,35.506542,-0.0266982582034175,-0.13539440777690293
real-estate,PLD,0.3537013335581853,-0.4515792688878626,-0.2244373470127509,39.56801,0.0582252855988879,-0.15221161385317816
real-estate,EXR,0.3265984467708599,-0.6300269376818971,0.0941686333751198,32.55231,-0.0884699748965376,0.11720541322067056
technology,QCOM,0.0859108693582585,-0.2089153210108,0.2105635439066701,12.513063,0.1298167345660275,-0.050052250386593035
technology,UBER,0.1063924678155028,1.1892337221587104,-0.2057557600874326,19.089272,0.133455298013263,0.6523481841015705
technology,DELL,1.0620245392218504,-0.3592708428267104,-0.174078991221996,12.260709,0.1296771091313487,-0.18091922966632906
technology,SNOW,0.8249864508597575,0.2707721136115661,-1.317948754450284,155.74474,0.2090656672593827,-0.19086007119511916
technology,AVGO,0.4590900145980396,1.0702006928393584,-0.0738880222593399,30.466738,0.1397503582690676,0.6530930635464551
technology,LRCX,0.2615160229423274,-0.0949318799813013,0.3716104539030316,17.321218,0.1324770479824111,0.08414723675229309
technology,ADSK,-0.2276023314592115,-0.1775419332627333,0.1720366967011758,31.964228,0.1405789074189806,-0.069940132983071
technology,ACN,-0.4508605907105429,-0.2216140929554088,0.0406646069666014,25.244017,0.1368606688255433,-0.1569499018515541
technology,ADP,-0.7233806080680852,-0.2664426475491599,0.2754562979174679,26.919336,0.1377876093281732,-0.13143798601864584
technology,AMD,0.4059067653042185,-0.3598442883762572,-0.4687816655672778,23.527098,0.1359107113781349,-0.33050170575143456
technology,MSI,0.1313933478761656,-0.5235658240174613,1.0472470657720938,31.377195,0.1402541067905151,0.033686256441223
technology,PAYX,-1.0291972364924422,-0.3459584089515719,0.3165411321480595,26.394354,0.1374971410179877,-0.19135228679856756
technology,TXN,-0.4999747479346997,-0.6713070331090716,0.1392477114846101,30.89585,0.1399877824807935,-0.3977258963850668
technology,INTC,1.045219162506945,-0.8295006810126481,-0.6937563070395566,20.512558,0.1342427906879274,-0.6289588937863552
technology,TEAM,0.7666451336855378,-0.0201792258756489,-0.912309807374439,59.1061,0.1555962864817117,-0.23954088152853473
technology,FI,-0.8489847178048908,-0.3357204634880186,-0.2063242807409318,20.135149,0.1340339733294679,-0.33735797707099374
technology,MSFT,-0.7933671312110983,-0.0822734498198305,0.3771350807853251,28.069965,0.1384242430818646,0.0050481324269208904
technology,ROP,-0.9322276091792652,-0.7134528479832056,-0.2437459629739883,25.90028,0.1372237738551391,-0.5815740266883547
technology,DDOG,-0.250666130177178,0.384269238002815,-0.4875821088139272,72.12332,0.1627986094122364,0.05222809717162788
technology,KLAC,0.4631490400203135,-0.0304970449137548,0.6976354655408054,19.075146,0.1334474822112933,0.24373966293139485
technology,PANW,0.0410035368841169,-0.3057260890543156,0.0063096033343484,50.147446,0.1506395354142153,-0.17687378260710715
technology,IBM,-0.1505836766144113,0.3658291709223296,-0.1978001539111772,20.446487,0.1342062341360413,0.14229349941136105
technology,ANET,-0.3582448239872753,0.598217017588282,0.3927802686297544,44.9616,0.1477702486110446,0.4523510147584621
technology,SNPS,-0.2754704715219557,-0.4604881502249368,-0.037360796756355,28.076036,0.1384276021172432,-0.3096618786907094
technology,CSCO,-0.799093317059858,0.0488075178348096,-0.161426014426285,15.046538,0.1312184858682573,-0.08949347810049002
technology,FICO,-0.3892500390797441,-0.5722641007834972,0.8415336558439327,53.82552,0.1526745841197274,-0.10478264768387127
technology,CRWD,0.4749513164132635,0.9163394236119397,-0.5238929444114747,77.91593,0.1660036138471761,0.4187483581529047
technology,MU,0.5847909818262954,-0.3668759840319091,-0.4276493887265819,6.5571833,0.1265213943217391,-0.30654767706188635
technology,TTD,-0.3488787690688094,0.1832106519918692,-0.2584706107243494,60.094902,0.1561433826603389,-0.002639135496042684
technology,ORCL,1.2352809322257912,-0.4307740574026766,0.7076215030252828,23.622137,0.1359632956909909,0.07293311663015709
technology,ADI,-0.5395537383305659,-0.1472092389800804,-0.3412937669530229,23.706367,0.1360098994712479,-0.24216317775236043
technology,PLTR,0.1816690953125291,1.22671921270479,-0.2746511972392302,159.26128,0.2110113405043695,0.6589797999699397
technology,FTNT,0.0214123551971147,0.0646820796003593,1.75848744232194,39.008762,0.1444765913148555,0.6027458682060596
technology,AMAT,0.1943233952207985,-0.3711012291320015,0.3410413427136626,15.388866,0.1314078931921068,-0.09596208725279436
technology,FIS,-0.7988542942476403,-0.6205282810149774,-0.349168716325199,14.150562,0.1307227495674189,-0.5486920626796561
technology,ADBE,-0.0417183443875514,-0.7538761147842177,0.3664820851228912,19.284184,0.1335631412522215,-0.335888393922543
technology,APH,-0.5657725738000381,-0.1743304716947555,0.0452658984015643,32.238598,0.1407307141290499,-0.1369108186503299
technology,NXPI,0.0240978446528496,-0.4507961531812842,0.085694513819622,15.813564,0.1316428751732017,-0.2394195147298978
technology,NVDA,0.0988165257128584,0.3695617093463617,2.3525930341904115,30.307747,0.1396623898299502,0.9810560460543946
technology,MRVL,0.4002140721421082,0.5388340994303917,-0.7117743334933987,40.00449,0.1450275195934715,0.12726258907376692
technology,CRM,-0.107707702562417,-0.0236901193024739,-0.2589273449914778,29.777458,0.1393689851994297,-0.10596252120105223
technology,WDAY,-0.0875439837654421,-0.1488020980707668,-0.3933457567895905,30.814152,0.1399425796357331,-0.22187446446367623
technology,AAPL,-0.3016331687894701,0.5995218572829546,1.2066016910381812,30.139963,0.1395695562947887,0.7181397149328782
technology,TEL,-0.8842938572005256,-0.5979746991719187,-0.0563828474451214,15.860004,0.1316685700509785,-0.4487678177220688
technology,NOW,-0.405950035275009,0.2552388851419983,-0.2530457330853842,63.865803,0.1582297917969316,0.03726840639357558
technology,CDNS,-0.2012685919684292,-0.0622626492575299,0.1113139501990052,44.333614,0.1474227890176868,-0.018402471174012835
technology,SQ,0.2166541289646558,-0.0029256661380582,-0.4686569488338259,18.519608,0.1331401075125344,-0.1334655888547858
technology,INTU,-0.4685318129267875,-0.6201623819299956,-0.1322809171633055,28.465242,0.13864294666074,-0.4514256500203335
utilities,WEC,-0.3657367130939259,-0.4521513076722849,0.0621584612323041,17.999638,-0.0760360856361063,-0.20881195098346977
utilities,PPL,-0.6020778963893086,-0.2326253309953768,-0.1370505064270416,17.78143,-0.1069305208736415,-0.35520137416095343
utilities,BKH,-0.4061932024776185,-0.6679126749724125,-0.1502486584975265,14.259259,-0.6056083138740097,-0.34692906332779044
utilities,DUK,-0.2713648274005902,-0.3485863851692779,-0.0327155420147527,16.987743,-0.2193027144704556,-0.18862506731009948
utilities,NRG,1.5946735699377443,0.4852258653418682,-0.3539988462253223,12.437276,-0.8635692309686623,0.6324251525382923
utilities,UGI,0.1356884887139523,0.697973983388446,0.9026438566004136,9.301482,-1.3075428004585583,0.5351048577973683
utilities,AEP,-0.2243284137145776,-0.3787674944667482,0.0024756317521065,15.74009,-0.3959485515040031,-0.15904748077161818
utilities,AEE,-0.4251311871676524,-0.0847536390656021,0.2504969041344089,18.06289,-0.0670807090337611,-0.09880293344114476
utilities,PEG,-0.3565627414321899,0.2527459877260528,0.3646214903223051,20.9055,0.33538313532836,0.032291424994938714
utilities,WTRG,-0.3521346536755371,-0.5758246994341367,0.2198835293446898,17.107544,-0.2023409887963647,-0.16017434661894606
utilities,ORA,0.0111143980098758,-0.8212896108057061,-0.7639575723208428,29.954794,1.61660484776977,-0.4360474519953166
utilities,EIX,-0.1099709587202151,-0.0216944341137345,-0.1146572117233637,14.010089,-0.6408864266294385,-0.09730298569770394
utilities,NI,-0.5871803598362367,0.2085350138045637,-0.0964241075503114,19.809982,0.1802769526835718,-0.2597904471800265
utilities,IDA,-0.5857575765189634,-0.7219949874132631,-0.1812849755081772,18.695107,0.022430157490696,-0.44640969140670145
utilities,FE,-0.3287882060527564,-0.4576780380604006,-0.1526961032099466,13.789613,-0.6721019709881735,-0.2795834090146672
utilities,SO,-0.1981121729766203,-0.5128783603112183,0.7316920512657176,19.079891,0.0769088400708018,0.12196090532173465
utilities,NJR,-0.2386980764731729,-0.0461510779915486,-0.4853238707036379,14.98309,-0.5031265077421525,-0.305629999528598
utilities,OGS,-0.2594458666748344,-0.5597443357462765,-0.1343215212212601,16.239515,-0.3252387089752874,-0.2588659879985163
utilities,ETR,-0.1077290059460078,0.3406614902342357,0.2297548663218103,19.57135,0.1464908363651803,0.101133454690161
utilities,D,-0.1503415434712813,0.3258057921523065,0.1986015310362237,15.921157,-0.3703126320823746,0.06767727120439276
utilities,ATO,-0.8258849156162819,-0.2657492538939577,0.5094714147367699,18.045952,-0.0694788335024028,-0.1994590491949625
utilities,DTE,-0.1049447072918717,0.1664414518561077,0.0832689194708997,16.758078,-0.2518192604670662,0.01504944930882587
utilities,PNW,-0.2600790596354896,-0.583859780018203,0.1251008936174251,18.449356,-0.0123638846803491,-0.15934386094656297
utilities,PCG,-0.001660458659617,-0.1739261945546398,-0.0897243957980594,13.551992,-0.705744947394072,-0.06526525921681572
utilities,SR,-0.3581557156040778,0.2181798488346796,-0.5210394108158874,13.803054,-0.6701989605393004,-0.3283657428518577
utilities,LNT,-0.4047478396749444,-0.2743086631253072,0.4941270407553998,18.374847,-0.0229130555407832,-0.02370442012394257
utilities,CMS,-0.3086027065620196,-0.1926208326834495,0.1722789464545019,18.594362,0.0081664280307062,-0.09714065149855744
utilities,SWX,-0.1357152189752879,-0.5622594559067383,-0.8670126409470305,19.30153,0.1082890448827795,-0.498506456388634
utilities,CEG,0.7562280467239345,0.6071828098315905,1.0912165650334464,25.020329,0.9179709325403388,0.8656719627315337
utilities,ES,0.1679425566370418,-0.392666005501933,-0.6398421039736344,11.993293,-0.9264294562585994,-0.24752950997100032
utilities,ED,-0.3255933638355883,-0.7000406697859205,0.0397955618258219,15.854375,-0.3797677949271514,-0.24112140384127986
utilities,AES,1.986708858003066,-0.4555128776708963,-0.6785864411224528,6.2794576,-1.7354085849946477,0.5182485877460813
utilities,AWK,-0.1869152951806741,-0.64608715663466,0.7122163454153387,21.781693,0.4594367350775977,0.09709946612182911
utilities,XEL,0.1658501683397862,-0.2730022348990035,-0.0308237705185069,17.655657,-0.1247377772672222,0.014883778230951909
utilities,EVRG,-0.4866366521216971,-0.4144279126315571,0.2455887545881058,15.225049,-0.4688693464298323,-0.18184674903759224
utilities,POR,-0.4387225742602926,-0.5148806698116767,-0.1089684702791857,13.4947,-0.7138564922669863,-0.31936516967383577
utilities,CNP,0.0905396620997353,0.1462664510341262,-0.0619437035898836,18.170782,-0.0518050894109786,0.038725759862572554
utilities,SRE,-0.49727210074749,-0.304323823590287,-0.6482573304103397,17.010319,-0.2161063478389727,-0.5258811416265716
utilities,OGE,-0.5818439702330883,-0.3496180537516289,0.335187951304558,18.077356,-0.0650325765173261,-0.17676948220914965
utilities,NEE,0.0323826154935367,-0.319303664595344,0.4355760043635537,19.488234,0.1347230648847443,0.13572618504068776
utilities,ALE,-0.9215756077354188,0.0520955059053758,-1.058060922159949,16.248789,-0.3239256728244917,-0.8157698531281574
utilities,AGR,-0.6164258420691766,0.7355802465489081,-0.911140876860299,14.858143,-0.5208168169866546,-0.5115867260134205
utilities,TXNM,-0.0203184168214896,0.7669032325076249,-0.1339369904784489,17.638006,-0.1272368500618849,0.0639188473389638
utilities,EXC,-0.250004357181304,-0.228873823300739,-0.2312438387514872,14.305695,-0.5990337886747037,-0.2390190391982363
