Sector,Risk_Score,Momentum_Score,Quality_Score,Size_Score,Growth_Score,alpha,r_squared
industrials,26.655527132587608,2.529121168773921,8.094032101426334,12.981327783065518,49.73999181414662,100.0,0.16773719209715754
financial-services,42.31186048066065,3.7077938131266883,14.209229668928703,30.79722724094127,8.973888796342678,100.0,0.16097739291330082
technology,11.356120898041148,15.170431112801094,31.182133807211414,15.14635362266787,27.14496055927848,100.0,-0.1798431049132525
consumer-cyclical,6.668612550950691,0.08619753043714047,25.26579004250562,35.37346624854877,32.605933627557775,100.0,-0.024276697436190098
healthcare,23.689072382739806,12.778746204957855,34.57661865830886,1.1223206549779343,27.833242099015532,100.0,-0.0727700714562427
real-estate,15.353083200775986,4.351395377463536,43.69309513712176,6.439155510677971,30.163270773960747,10.0,-0.17835659750219346
consumer-defensive,34.914221834395036,10.733880835754146,9.9288772194429,8.77040950621441,35.652610604193505,100.0,0.12343733566636006
basic-materials,3.857906933106485,18.24655729113016,39.532639901281875,0.9957233309716768,37.36717254350981,100.0,-0.09313647174887563
communication-services,19.302759541321667,2.6911915849179078,31.93937200369769,10.13887800615869,35.927798863904044,100.0,-0.7336812103525441
utilities,4.400320691311708,12.965557567819108,19.223977515078776,15.4107473421713,47.999396883619106,100.0,0.05313139016337154
energy,5.180178615605926,16.818268835948096,37.05926387435133,32.61989504778428,8.32239362631036,10.0,0.26542715377438353
